category,epc,sku,description,color,size,bin_code,status_now,last_seen,reencoded_to,reencoded_at,encode_status,new_tag_scanned
RE-ENCODED — new tag not scanned either,F0A0B30E4F9CD1D000018815,112321004L,TEXTURE TOP,GREY,L,1G04C,in-stock,05-30 22:30,F0A0B30E4F9D43F00006C6A1,06-01 14:26,ok,no
RE-ENCODED — new tag not scanned either,F0A0B30E4F9D69100004A574,112545605XL,CREW T-SHIRT,BROWN,XL,6B03R,in-stock,,F0A0B30E4F9CA820000569D5,06-02 06:32,ok,no
RE-ENCODED — new tag not scanned either,F0A0B30E4F9D69100005E979,112545605XL,CREW T-SHIRT,BROWN,XL,6B03R,in-stock,,F0A0B30E4F9BF070000D3BE5,06-02 06:17,ok,no
RE-ENCODED — new tag not scanned either,F0A0B30E4F9D67C00001883A,112545935L,GOTHIC T-SHIRT SET,BEIGE,L,6A03R,in-stock,05-30 22:30,F0A0B30E4F9D698000053BC7,06-02 13:56,ok,no
RE-ENCODED — new tag not scanned either,F0A0B30E4F9CA82000018DF2,122220607M,SHOW MUST GO ON SHIRT,BLACK,M,1C03L,in-stock,05-30 22:30,F0A0B30E4F9C5830000A5220,06-02 14:13,ok,no
RE-ENCODED — new tag not scanned either,F0A0B30E4F9CB2200001A071,122221011XXXL,STREET SHIRT,WHITE,XXXL,1D01L,in-stock,06-07 14:55,F0A0B30E4F9B9DC00008CE9E,07-18 23:36,pending,no
RE-ENCODED — new tag not scanned either,F0A0B30E4F9C012000000005,C11111346C432,TRENT DENIM SHORTS,GREY WASHED,32,3C05R,in-stock,05-30 22:30,F0A0B30E4F9C012000063A09,06-02 04:57,ok,no
RE-ENCODED — new tag not scanned either,F0A0B30E4F9C01200003F08D,C11111346C432,TRENT DENIM SHORTS,GREY WASHED,32,3C05R,in-stock,,F0A0B30E4F9C0120000E7AE0,06-02 05:04,ok,no
RE-ENCODED — new tag not scanned either,F0A0B30E4F9C0120000C1594,C11111346C432,TRENT DENIM SHORTS,GREY WASHED,32,3C05R,in-stock,,F0A0B30E4F9BD860000CAEA4,06-02 04:50,ok,no
RE-ENCODED — new tag not scanned either,F0A0B30E4F9C0120000C76DE,C11111346C432,TRENT DENIM SHORTS,GREY WASHED,32,3C05R,in-stock,,F0A0B30E4F9BD860000EEB29,06-02 04:54,ok,no
RE-ENCODED — new tag not scanned either,F0A0B30E4F9C0120000DB8D1,C11111346C432,TRENT DENIM SHORTS,GREY WASHED,32,3C05R,in-stock,,F0A0B30E4F9BD8600001FC57,06-02 04:52,ok,no
RE-ENCODED — new tag not scanned either,F0A0B30E4F9BD86000001715,C111214081103,SOCIAL T-SHIRT,WHITE,L,6A05L,in-stock,05-30 17:27,F0A0B30E4F9C0120000F2D31,06-02 04:17,ok,no
RE-ENCODED — new tag not scanned either,F0A0B30E4F9BD860000CAEA4,C111214081103,SOCIAL T-SHIRT,WHITE,L,6A05L,in-stock,,F0A0B30E4F9C0120000DB8D1,06-02 04:51,ok,no
RE-ENCODED — new tag not scanned either,F0A0B30E4F9BD87000013BE6,C111214081104,SOCIAL T-SHIRT,WHITE,XL,6A05L,in-stock,06-07 14:55,F0A0B30E4F9BDB90000765DF,08-01 01:26,pending,no
RE-ENCODED — new tag not scanned either,F0A0B30E4F9BE700000186A1,C111214281102,KEEP RISING T-SHIRT,WHITE,M,,in-stock,06-05 04:26,F0A0B30E4F9C583000052F4C,06-02 14:16,ok,no
RE-ENCODED — new tag not scanned either,F0A0B30E4F9B963000001344,C11171057C234,VICK JEANS,BLUE WASHED,34,2C04R,in-stock,06-07 13:56,F0A0B30E4F9B9630000220FD,08-25 16:21,pending,no
RE-ENCODED — new tag not scanned either,F0A0B30E4F9C221000000517,C216316270745,LOGO SNEAKERS,BLACK,45,,in-stock,06-07 10:53,F0A0B30E4F9C1EA0000932FD,07-28 16:58,pending,no
RE-ENCODED — new tag WAS scanned in this count,F0A0B30E4F9D2040000BC290,112471407L,RYLAND TOP SET,BLACK,L,,in-stock,08-27 16:14,F0A0B30E4F9CA120000E1E89,08-11 21:57,ok,yes
RE-ENCODED — new tag WAS scanned in this count,F0A0B30E4F9B94D000000016,C125428061101,ELODIE BOTTOM SWEATSUIT,WHITE,S,,in-stock,08-27 16:11,F0A0B30E4F9BC160000C7762,08-05 04:14,ok,yes
STILL LIVE — genuinely not read,F0A0B30E4F9C7B8000013298,112220511M,STRINGER PRIDE TANK TOP,WHITE,M,6A05R,in-stock,2026-06-07,,,,
STILL LIVE — genuinely not read,F0A0B30E4F9C7B70000132B1,112220511S,STRINGER PRIDE TANK TOP,WHITE,S,6A05R,in-stock,2026-06-07,,,,
STILL LIVE — genuinely not read,F0A0B30E4F9C7B70000132B3,112220511S,STRINGER PRIDE TANK TOP,WHITE,S,6A05R,in-stock,2026-06-07,,,,
STILL LIVE — genuinely not read,F0A0B30E4F9C7B70000132BA,112220511S,STRINGER PRIDE TANK TOP,WHITE,S,6A05R,in-stock,2026-06-07,,,,
STILL LIVE — genuinely not read,F0A0B30E4F9C7B70000132C3,112220511S,STRINGER PRIDE TANK TOP,WHITE,S,6A05R,in-stock,2026-06-07,,,,
STILL LIVE — genuinely not read,F0A0B30E4F9C7BA00001322D,112220511XL,STRINGER PRIDE TANK TOP,WHITE,XL,6A05R,in-stock,2026-06-05,,,,
STILL LIVE — genuinely not read,F0A0B30E4F9C5430000143F7,11228070736,PABLO PANTS,BLACK,36,1K02C,in-stock,2026-07-05,,,,
STILL LIVE — genuinely not read,F0A0B30E4F9C75D0000186F7,112292807S,MEN'S BOXER BRIEF 3-PACK,BLACK,S,,in-stock,2026-07-06,,,,
STILL LIVE — genuinely not read,F0A0B30E4F9C760000018BFA,112292807XXL,MEN'S BOXER BRIEF 3-PACK,BLACK,XXL,,in-stock,2026-06-07,,,,
STILL LIVE — genuinely not read,F0A0B30E4F9C760000018C47,112292807XXL,MEN'S BOXER BRIEF 3-PACK,BLACK,XXL,,in-stock,2026-06-07,,,,
STILL LIVE — genuinely not read,F0A0B30E4F9CD8B021018B7D,1123013C231,NEIL JEANS,BLUE WASHED,31,2B05R,in-stock,2026-06-07,,,,
STILL LIVE — genuinely not read,F0A0B30E4F9CCBC000018A27,1123306C238,KAI DENIM SHORTS,BLUE WASHED,38,3C03R,in-stock,2026-06-07,,,,
STILL LIVE — genuinely not read,F0A0B30E4F9CCBC000018A28,1123306C238,KAI DENIM SHORTS,BLUE WASHED,38,3C03R,in-stock,2026-06-07,,,,
STILL LIVE — genuinely not read,F0A0B30E4F9CE81000FE48CA,112342903XL,CULTURE T-SHIRT,GREEN,XL,,in-stock,2026-06-07,,,,
STILL LIVE — genuinely not read,F0A0B30E4F9CF010000188CA,112344510M,DAVID SHIRT,YELLOW,M,6B04C,in-stock,2026-06-05,,,,
STILL LIVE — genuinely not read,F0A0B30E4F9CE67000018997,112382619M,SEAN PANTS,CREAM,M,1K01R,in-stock,2026-06-05,,,,
STILL LIVE — genuinely not read,F0A0B30E4F9D2AF0000187F1,112444304M,WONDERLAND T-SHIRT,GREY,M,3B01R,in-stock,2026-06-07,,,,
STILL LIVE — genuinely not read,F0A0B30E4F9D1DF0000187B6,112470311L,DRAKE SHIRT,WHITE,L,1B02C,in-stock,2026-06-07,,,,
STILL LIVE — genuinely not read,F0A0B30E4F9D51E000018703,11250050231,LUIS JEANS,BLUE,31,2B02L,in-stock,2026-07-05,,,,
STILL LIVE — genuinely not read,F0A0B30E4F9D5C4000018992,1125444B8XL,HIGHEST SELF T-SHIRT,BURGUNDY,XL,6B03C,in-stock,2026-06-07,,,,
STILL LIVE — genuinely not read,F0A0B30E4F9C90A000018DF5,1222066C233,TRISTAN JEANS,BLUE WASHED,33,2F05C,in-stock,2026-06-07,,,,
STILL LIVE — genuinely not read,F0A0B30E4F9C90A000018DFD,1222066C233,TRISTAN JEANS,BLUE WASHED,33,,in-stock,2026-07-17,,,,
STILL LIVE — genuinely not read,F0A0B30E4F9C91A000018FE6,1222066C234,TRISTAN JEANS,BLUE WASHED,34,2F05C,in-stock,2026-06-07,,,,
STILL LIVE — genuinely not read,F0A0B30E4F9CB0F000019F18,122220207XXXL,INTERESTED SHIRT,BLACK,XXXL,1B03L,in-stock,2026-07-06,,,,
STILL LIVE — genuinely not read,F0A0B30E4F9CAAA0000193A1,122220711L,KEEP ON RISING SHIRT,WHITE,L,1D01R,in-stock,2026-06-05,,,,
STILL LIVE — genuinely not read,F0A0B30E4F9CAD2000019951,122220811XL,UNTIMELY SHIRT,WHITE,XL,1D01C,in-stock,2026-06-07,,,,
STILL LIVE — genuinely not read,F0A0B30E4F9CA8A000018F0E,122221011M,STREET SHIRT,WHITE,M,1D01L,in-stock,2026-06-07,,,,
STILL LIVE — genuinely not read,F0A0B30E4F9CA95000019084,122221511M,TIME NEVER SHIRT,WHITE,M,1E02C,in-stock,2026-06-07,,,,
STILL LIVE — genuinely not read,F0A0B30E4F9CAB23200024BC,122221711L,EXCUSE SHIRT,WHITE,L,1E01L,in-stock,2026-05-30,,,,
STILL LIVE — genuinely not read,F0A0B30E4F9CA6C000018AD4,122222711S,HEARTBIT SHIRT,WHITE,S,1F01C,in-stock,2026-06-07,,,,
STILL LIVE — genuinely not read,F0A0B30E4F9C8C20000187C2,1222341C4XXL,TOM DENIM SHIRT,GREY WASHED,XXL,1G01C,in-stock,2026-06-05,,,,
STILL LIVE — genuinely not read,F0A0B30E4F9C8B50000186E4,1222344C7S,KAIDEN DENIM SHIRT,BLACK WASHED,S,1G01C,in-stock,2026-06-05,,,,
STILL LIVE — genuinely not read,F0A0B30E4F9C9A4000013B99,122238807S,CELTICS JACKET,BLACK,S,1G05L,in-stock,2026-06-07,,,,
STILL LIVE — genuinely not read,F0A0B30E4F9C9A500001872E,122238811S,CELTICS JACKET,WHITE,S,,in-stock,2026-06-07,,,,
STILL LIVE — genuinely not read,F0A0B30E4F9C9460000186A8,122274086S,JAKE DENIM SHIRT,LIGHT GREY,S,1G02C,in-stock,2026-07-06,,,,
STILL LIVE — genuinely not read,F0A0B30E4F9C8010000135EC,122280607M,BENJAMIN PANTS,BLACK,M,1J04R,in-stock,2026-06-05,,,,
STILL LIVE — genuinely not read,F0A0B30E4F9C8010000135F2,122280607M,BENJAMIN PANTS,BLACK,M,1J04R,in-stock,2026-06-05,,,,
STILL LIVE — genuinely not read,F0A0B30E4F9CA3900001870C,122283707M,KENT PANTS,BLACK,M,1J01C,in-stock,2026-06-05,,,,
STILL LIVE — genuinely not read,F0A0B30E4F9C8E40000186F5,12228750430,COLIN EVENING PANTS,GREY,30,1K05R,in-stock,2026-06-07,,,,
STILL LIVE — genuinely not read,F0A0B30E4F9C8E40000188E7,12228750430,COLIN EVENING PANTS,GREY,30,1K05R,in-stock,2026-06-07,,,,
STILL LIVE — genuinely not read,F0A0B30E4F9C8E40000188E8,12228750430,COLIN EVENING PANTS,GREY,30,1K05R,in-stock,2026-06-07,,,,
STILL LIVE — genuinely not read,F0A0B30E4F9C8F4000018AFB,12228750431,COLIN EVENING PANTS,GREY,31,1K05R,in-stock,2026-06-07,,,,
STILL LIVE — genuinely not read,F0A0B30E4F9C9EA0000187AD,12228754832,COLIN EVENING PANTS,STONE,32,1K05L,in-stock,2026-06-05,,,,
STILL LIVE — genuinely not read,F0A0B30E4F9C9EA0000187BE,12228754832,COLIN EVENING PANTS,STONE,32,1K05L,in-stock,2026-07-05,,,,
STILL LIVE — genuinely not read,F0A0B30E4F9C8CB000018718,122287607M,TOBIAS PANTS,BLACK,M,1J05C,in-stock,2026-06-07,,,,
STILL LIVE — genuinely not read,F0A0B30E4F9C8D300001362A,122287607XL,TOBIAS PANTS,BLACK,XL,1J05C,in-stock,2026-06-07,,,,
STILL LIVE — genuinely not read,F0A0B30E4F9D08B0000187AF,1223303A7M,BRADLEY JACKET,DARK BLUE,M,1H05L,in-stock,2026-07-05,,,,
STILL LIVE — genuinely not read,F0A0B30E4F9D0AC000018A26,1223303A7XXL,BRADLEY JACKET,DARK BLUE,XXL,1H05L,in-stock,2026-06-05,,,,
STILL LIVE — genuinely not read,F0A0B30E4F9D08C0000187C2,122330407M,RUSSELL JACKET,BLACK,M,1H05R,in-stock,2026-06-07,,,,
STILL LIVE — genuinely not read,F0A0B30E4F9D0AD000018A35,122330407XXL,RUSSELL JACKET,BLACK,XXL,1H05R,in-stock,2026-06-07,,,,
STILL LIVE — genuinely not read,F0A0B30E4F9D0AD000018A44,122330407XXL,RUSSELL JACKET,BLACK,XXL,1H05R,in-stock,2026-06-07,,,,
STILL LIVE — genuinely not read,F0A0B30E4F9D0A50000189AE,122330746XL,VINCENT PUFFER VEST,KHAKI,XL,,in-stock,2026-06-07,,,,
STILL LIVE — genuinely not read,F0A0B30E4F9D047000018B44,122331102M,AXEL COAT,BLUE,M,,in-stock,2026-07-05,,,,
STILL LIVE — genuinely not read,F0A0B30E4F9CFFC0000188E8,122380146L,GARY CARGO PANTS,KHAKI,L,1J03L,in-stock,2026-06-07,,,,
STILL LIVE — genuinely not read,F0A0B30E4F9CFF10000187E7,122380148M,GARY CARGO PANTS,STONE,M,1J03C,in-stock,2026-06-07,,,,
STILL LIVE — genuinely not read,F0A0B30E4F9CFF6000018855,122380303M,KYLE CARGO PANTS,GREEN,M,1J01L,in-stock,2026-06-07,,,,
STILL LIVE — genuinely not read,F0A0B30E4F9C54D000018A0C,212211511L,AMANDA DRESS,WHITE,L,4B02L,in-stock,2026-06-07,,,,
STILL LIVE — genuinely not read,F0A0B30E4F9C54D000018A0D,212211511L,AMANDA DRESS,WHITE,L,4B02L,in-stock,2026-06-07,,,,
STILL LIVE — genuinely not read,F0A0B30E4F9C602000899793,212246343S,NOVA STRING TOP,BLUE / GREY,S,5C03C,in-stock,2026-05-30,,,,
STILL LIVE — genuinely not read,F0A0B30E4F9C60A000018783,212246705S,CUT OUT CROP TOP,BROWN,S,,in-stock,2026-08-28,,,,
STILL LIVE — genuinely not read,F0A0B30E4F9C60A0000DD437,212246705S,CUT OUT CROP TOP,BROWN,S,,in-stock,,,,,
STILL LIVE — genuinely not read,F0A0B30E4F9C6A1000092330,2122495G108,VERONA TEE,UNBLEACHED,08,,in-stock,,,,,
STILL LIVE — genuinely not read,F0A0B30E4F9C6540000187F1,21224970804,BRALETTE TOP,PINK,04,5B04L,in-stock,2026-06-07,,,,
STILL LIVE — genuinely not read,F0A0B30E4F9C6D9000018E7E,2122497G310,BRALETTE TOP,NECTAR,10,5B04L,in-stock,2026-05-30,,,,
STILL LIVE — genuinely not read,F0A0B30E4F9C74F0000136D3,212290205M,HANA WIDE BELT,BROWN,M,,in-stock,2026-06-07,,,,
STILL LIVE — genuinely not read,F0A0B30E4F9C7570000136BC,212290507S,GOLDIE WIDE BELT,BLACK,S,,in-stock,2026-06-07,,,,
STILL LIVE — genuinely not read,F0A0B30E4F9C7BF00001378C,212291307OS,PRIDE HAT WOMEN,BLACK,OS,,in-stock,2026-06-07,,,,
STILL LIVE — genuinely not read,F0A0B30E4F9CEDF000018A04,21230080232,KAIA JEANS,BLUE,32,5H01R,in-stock,2026-06-07,,,,
STILL LIVE — genuinely not read,F0A0B30E4F9CF46000018818,212312235M,NIKITA DRESS,BEIGE,M,4C04L,in-stock,2026-06-05,,,,
STILL LIVE — genuinely not read,F0A0B30E4F9CFD1000013A29,212346202OS,TORI TOP,BLUE,OS,5C01L,in-stock,2026-05-30,,,,
STILL LIVE — genuinely not read,F0A0B30E4F9CF6C0000187A1,212356135S,2 PIECES ANN SET,BEIGE,S,5E03C,in-stock,2026-06-07,,,,
STILL LIVE — genuinely not read,F0A0B30E4F9CF6C0000187AF,212356135S,2 PIECES ANN SET,BEIGE,S,5E03C,in-stock,2026-06-07,,,,
STILL LIVE — genuinely not read,F0A0B30E4F9CBC200001877F,222210907S,VALERIA DRESS,BLACK,S,4C04C,in-stock,2026-06-07,,,,
STILL LIVE — genuinely not read,F0A0B30E4F9CBC2000018781,222210907S,VALERIA DRESS,BLACK,S,4C04C,in-stock,2026-06-07,,,,
STILL LIVE — genuinely not read,F0A0B30E4F9CBD20000144DB,222211055M,EDEN DRESS 2 PIECES,SILVER,M,4E03C,in-stock,2026-06-07,,,,
STILL LIVE — genuinely not read,F0A0B30E4F9CBE2000018A52,222211107L,BAILEY DRESS,BLACK,L,4D01L,in-stock,2026-06-07,,,,
STILL LIVE — genuinely not read,F0A0B30E4F9CBD4553FC106F,222211207M,AYLA DRESS,BLACK,M,4D03L,in-stock,2026-05-30,,,,
STILL LIVE — genuinely not read,F0A0B30E4F9CB720000DAD2C,222232307M,TALK TOP,BLACK,M,,in-stock,,,,,
STILL LIVE — genuinely not read,F0A0B30E4F9CC4B00001893B,222237519XL,CALLIE TOP SET,CREAM,XL,4E05C,in-stock,2026-06-07,,,,
STILL LIVE — genuinely not read,F0A0B30E4F9CB4040179A3AA,222243007OS,GABRIEL SWEATER,BLACK,OS,,in-stock,2026-06-07,,,,
STILL LIVE — genuinely not read,F0A0B30E4F9CBB60400187A9,222245907OS,ALPES TOP,BLACK,OS,,in-stock,2026-06-07,,,,
STILL LIVE — genuinely not read,F0A0B30E4F9CB47420018902,222283786OS,RYLIE PANTS SET,LIGHT GREY,OS,,in-stock,2026-06-07,,,,
STILL LIVE — genuinely not read,F0A0B30E4F9CC00453696222,222286607M,STRAP PANTS SET,BLACK,M,4H04C,in-stock,2026-06-07,,,,
STILL LIVE — genuinely not read,F0A0B30E4F9CBF00000D9937,222286719S,COLLAR PANTS SET,CREAM,S,,in-stock,,,,,
STILL LIVE — genuinely not read,F0A0B30E4F9CC4000007AB83,222287519L,CALLIE PANTS SET,CREAM,L,,in-stock,,,,,
STILL LIVE — genuinely not read,F0A0B30E4F9C018000001275,C111113470231,OTTO DENIM SHORTS,BLUE,31,3C05C,in-stock,2026-06-07,,,,
STILL LIVE — genuinely not read,F0A0B30E4F9C02D00009845F,C111113501131,JUDE DENIM SHORTS,WHITE,31,,in-stock,,,,,
STILL LIVE — genuinely not read,F0A0B30E4F9BCCE0000130A9,C111212440404,GAME OVER TANK,GREY,XL,6C03C,in-stock,2026-07-05,,,,
STILL LIVE — genuinely not read,F0A0B30E4F9BDFE800000A63,C111214190703,CITY VIEW T-SHIRT,BLACK,L,,in-stock,2026-05-30,,,,
STILL LIVE — genuinely not read,F0A0B30E4F9BE050000021FB,C111214191105,CITY VIEW T-SHIRT,WHITE,XXL,3B01C,in-stock,2026-06-07,,,,
STILL LIVE — genuinely not read,F0A0B30E4F9B9B10000011C8,C111710670232,FRANCO JEANS,BLUE,32,2D05L,in-stock,2026-06-07,,,,
STILL LIVE — genuinely not read,F0A0B30E4F9B9B300000147D,C111710670234,FRANCO JEANS,BLUE,34,2D05L,in-stock,2026-06-07,,,,
STILL LIVE — genuinely not read,F0A0B30E4F9B9B8019806098,C111710680231,FINNLEY JEANS,BLUE,31,2C01R,in-stock,2026-07-17,,,,
STILL LIVE — genuinely not read,F0A0B30E4F9BAFB000012335,C111719381003,NIKO SWIMSUIT,YELLOW,L,1A01R,in-stock,2026-06-07,,,,
STILL LIVE — genuinely not read,F0A0B30E4F9BAF5000001235,C111719390702,MEN SWIM BOTTOM I,BLACK,M,1A01L,in-stock,2026-06-07,,,,
STILL LIVE — genuinely not read,F0A0B30E4F9B8EE000012FD6,C116319500711,BRAIDED BRACELET F,BLACK,11,,in-stock,2026-06-07,,,,
STILL LIVE — genuinely not read,F0A0B30E4F9B8F0000018867,C116319520511,BRAIDED BRACELET H,BROWN,11,,in-stock,2026-05-30,,,,
STILL LIVE — genuinely not read,F0A0B30E4F9BB1C02BBF90A9,C12171322C203,WOMENS SHORT JEANS B,BLUE WASHED,L,5G01R,in-stock,2026-06-07,,,,
STILL LIVE — genuinely not read,F0A0B30E4F9BC5600000242D,C125110040238,AYLIN JEANS,BLUE,38,5H04R,in-stock,2026-06-07,,,,
STILL LIVE — genuinely not read,F0A0B30E4F9BC62000001C1D,C125114090702,HALLIE LACE TANK,BLACK,M,5B03C,in-stock,2026-05-30,,,,
STILL LIVE — genuinely not read,F0A0B30E4F9BC63000002261,C125114090703,HALLIE LACE TANK,BLACK,L,5B03C,in-stock,2026-06-07,,,,
STILL LIVE — genuinely not read,F0A0B30E4F9BC640000129EB,C125114091101,HALLIE LACE TANK,WHITE,S,5B03C,in-stock,2026-06-07,,,,
STILL LIVE — genuinely not read,F0A0B30E4F9BC65000000818,C125114091102,HALLIE LACE TANK,WHITE,M,5B03C,in-stock,2026-05-30,,,,
STILL LIVE — genuinely not read,F0A0B30E4F9BBA40000026B4,C125213330703,CARLY CHAIN SHORTS,BLACK,L,5F01L,in-stock,2026-06-07,,,,
STILL LIVE — genuinely not read,F0A0B30E4F9BBA700001369C,C125214020202,KARINA CROP TANK,BLUE,M,5A01R,in-stock,2026-06-07,,,,
STILL LIVE — genuinely not read,F0A0B30E4F9BBE6000000548,C125214250742,LEYLA CROP TOP,BLACK,42,5E04C,in-stock,2026-06-07,,,,
STILL LIVE — genuinely not read,F0A0B30E4F9BBF400000143C,C125214360738,MARLEE CROP TOP,BLACK,38,4A03C,in-stock,2026-06-07,,,,
STILL LIVE — genuinely not read,F0A0B30E4F9BC06000013BEB,C125215300738,MADDISON SKIRT,BLACK,38,,in-stock,2026-06-07,,,,
STILL LIVE — genuinely not read,F0A0B30E4F9BC4A00000064B,C125218350738,MARLEE PANT,BLACK,38,4A03C,in-stock,2026-06-07,,,,
STILL LIVE — genuinely not read,F0A0B30E4F9B8CF000013EC8,C125311090702,ADALYN SEQUIN DRESS,BLACK,M,4E01R,in-stock,2026-05-30,,,,
STILL LIVE — genuinely not read,F0A0B30E4F9C2EF0000004FC,C125414194803,BAILEY CROP TANK,STONE,L,5B04R,in-stock,2026-06-07,,,,
STILL LIVE — genuinely not read,F0A0B30E4F9C27F00001275B,C125419150703,ZURI KNIT CAMI TOP,BLACK,L,5A04C,in-stock,2026-06-05,,,,
STILL LIVE — genuinely not read,F0A0B30E4F9C28400000203B,C12541916B702,ZURI KNIT BOTTOM,TEAL,M,5A04C,in-stock,2026-06-07,,,,
STILL LIVE — genuinely not read,F0A0B30E4F9C283000002149,C12541916B703,ZURI KNIT BOTTOM,TEAL,L,5A04C,in-stock,2026-06-07,,,,
STILL LIVE — genuinely not read,F0A0B30E4F9C4FC000002181,C125419210103,BIKINI TOP SET B,RED,L,5A04L,in-stock,2026-07-05,,,,
STILL LIVE — genuinely not read,F0A0B30E4F9C4FE000002175,C125419211103,BIKINI TOP SET B,WHITE,L,5A04L,in-stock,2026-06-07,,,,
STILL LIVE — genuinely not read,F0A0B30E4F9C4FE000002177,C125419211103,BIKINI TOP SET B,WHITE,L,5A04L,in-stock,2026-06-05,,,,
STILL LIVE — genuinely not read,F0A0B30E4F9BB49000012D01,C125811070701,BLAIRE SHOULDER DRESS,BLACK,S,4E04L,in-stock,2026-06-07,,,,
STILL LIVE — genuinely not read,F0A0B30E4F9BB49000012D07,C125811070701,BLAIRE SHOULDER DRESS,BLACK,S,4E04L,in-stock,2026-06-07,,,,
STILL LIVE — genuinely not read,F0A0B30E4F9BB4A000012CF3,C125811070702,BLAIRE SHOULDER DRESS,BLACK,M,4E04L,in-stock,2026-06-07,,,,
STILL LIVE — genuinely not read,F0A0B30E4F9BB4A000012CFF,C125811070702,BLAIRE SHOULDER DRESS,BLACK,M,4E04L,in-stock,2026-06-07,,,,
STILL LIVE — genuinely not read,F0A0B30E4F9BB4A000012D04,C125811070702,BLAIRE SHOULDER DRESS,BLACK,M,4E04L,in-stock,2026-06-07,,,,
STILL LIVE — genuinely not read,F0A0B30E4F9BB4C000012CF9,C125811070704,BLAIRE SHOULDER DRESS,BLACK,XL,4E04L,in-stock,2026-06-07,,,,
STILL LIVE — genuinely not read,F0A0B30E4F9C16F000012D45,C125916056136,GLOW SHOES,GREEN NEON,36,,in-stock,2026-06-05,,,,
STILL LIVE — genuinely not read,F0A0B30E4F9C1790000134CC,C125916056138,GLOW SHOES,GREEN NEON,38,,in-stock,2026-06-05,,,,
STILL LIVE — genuinely not read,F0A0B30E4F9C0E7000013091,C125916060239,FURRY SLIPPERS,BLUE,39,,in-stock,2026-06-07,,,,
STILL LIVE — genuinely not read,F0A0B30E4F9C1520000022FA,C125916081139,ICE SHOES,WHITE,39,,in-stock,2026-06-05,,,,
STILL LIVE — genuinely not read,F0A0B30E4F9C15400001451A,C12591608E636,ICE SHOES,BLUSH,36,,in-stock,2026-06-07,,,,
STILL LIVE — genuinely not read,F0A0B30E4F9C1580000020BF,C12591608E640,ICE SHOES,BLUSH,40,,in-stock,2026-05-30,,,,
STILL LIVE — genuinely not read,F0A0B30E4F9C15A00001450B,C126016100736,DIAMOND HEELS,BLACK,36,,in-stock,2026-06-05,,,,
STILL LIVE — genuinely not read,F0A0B30E4F9C15F000001D9C,C126016110737,SKIN HEELS,BLACK,37,,in-stock,2026-06-05,,,,
STILL LIVE — genuinely not read,F0A0B30E4F9C164000013BCC,C126016130738,CLASSIC HEELS,BLACK,38,,in-stock,2026-06-07,,,,
STILL LIVE — genuinely not read,F0A0B30E4F9C196000002042,C126116020737,SANDALS,BLACK,37,,in-stock,2026-06-07,,,,
STILL LIVE — genuinely not read,F0A0B30E4F9C1BC0000C7ED1,C216316260441,JOHNNY SNEAKERS,GREY,41,,in-stock,2026-05-30,,,,
STILL LIVE — genuinely not read,F0A0B30E4F9C227000035650,C216316300745,ZIPPER SNEAKERS,BLACK,45,,in-stock,,,,,
STILL LIVE — genuinely not read,F0A0B30E4F9C1D000006D2A4,C216316360741,CARBON SNEAKERS,BLACK,41,,in-stock,,,,,
STILL LIVE — genuinely not read,F0A0B30E4F9C1B6000002106,C216316361140,CARBON SNEAKERS,WHITE,40,,in-stock,2026-06-07,,,,
STILL LIVE — genuinely not read,F0A0B30E4F9C233000013038,C216316361145,CARBON SNEAKERS,WHITE,45,,in-stock,2026-06-07,,,,
STILL LIVE — genuinely not read,F0A0B30E4F9C21D00000077A,C216316371144,OFF SNEAKERS,WHITE,44,,in-stock,2026-06-05,,,,
STILL LIVE — genuinely not read,F0A0B30E4F9C25C0000129E1,C217016330737,SUMMER FLIP FLOPS,BLACK,37,,in-stock,2026-05-30,,,,
STILL LIVE — genuinely not read,F0A0B30E4F9C260000013082,C217016330738,SUMMER FLIP FLOPS,BLACK,38,,in-stock,2026-06-07,,,,
STILL LIVE — genuinely not read,F0A0B30E4F9C2400000012E1,C217016330739,SUMMER FLIP FLOPS,BLACK,39,,in-stock,2026-05-30,,,,
STILL LIVE — genuinely not read,F0A0B30E4F9C2580000005B8,C217016331136,SUMMER FLIP FLOPS,WHITE,36,,in-stock,2026-06-07,,,,
STILL LIVE — genuinely not read,F0A0B30E4F9C25B00001312F,C217016331137,SUMMER FLIP FLOPS,WHITE,37,,in-stock,2026-05-30,,,,
STILL LIVE — genuinely not read,F0A0B30E4F9C25F00001312A,C217016331138,SUMMER FLIP FLOPS,WHITE,38,,in-stock,2026-05-30,,,,
STILL LIVE — genuinely not read,F0A0B30E4F9C23F0000012F0,C217016331139,SUMMER FLIP FLOPS,WHITE,39,,in-stock,2026-05-30,,,,
STILL LIVE — genuinely not read,F0A0B30E4F9C24D0000129DD,C217016331143,SUMMER FLIP FLOPS,WHITE,43,,in-stock,2026-05-30,,,,
STILL LIVE — genuinely not read,F0A0B30E4F9C251000001D8E,C217016331144,SUMMER FLIP FLOPS,WHITE,44,,in-stock,2026-05-30,,,,
STILL LIVE — genuinely not read,F0A0B30E4F9C2510000129DC,C217016331144,SUMMER FLIP FLOPS,WHITE,44,,in-stock,2026-05-30,,,,
STILL LIVE — genuinely not read,F0A0B30E4F9C24200000063E,C217016334839,SUMMER FLIP FLOPS,STONE,39,,in-stock,2026-05-30,,,,
STILL LIVE — genuinely not read,F0A0B30E4F9C24900001312D,C217016334841,SUMMER FLIP FLOPS,STONE,41,,in-stock,2026-05-30,,,,
STILL LIVE — genuinely not read,F0A0B30E4F9C0EE000012DBF,C319919350711,PHONE HOLDER,,,,in-stock,2026-06-07,,,,
STILL LIVE — genuinely not read,F0A0B30E4F9C0EE000012DD7,C319919350711,PHONE HOLDER,,,,in-stock,2026-06-07,,,,
STILL LIVE — genuinely not read,F0A0B30E4F9C0EE000012DF6,C319919350711,PHONE HOLDER,,,,in-stock,2026-06-07,,,,
STILL LIVE — genuinely not read,F0A0B30E4F9C0EE000012E12,C319919350711,PHONE HOLDER,,,,in-stock,2026-06-07,,,,
STILL LIVE — genuinely not read,F0A0B30E4F9C0EE000012E13,C319919350711,PHONE HOLDER,,,,in-stock,2026-06-07,,,,
STILL LIVE — genuinely not read,F0A0B30E4F9C0EE000012E2B,C319919350711,PHONE HOLDER,,,,in-stock,2026-06-05,,,,
STILL LIVE — genuinely not read,F0A0B30E4F9C0EE000012E43,C319919350711,PHONE HOLDER,,,,in-stock,2026-06-07,,,,
STILL LIVE — genuinely not read,F0A0B30E4F9C0EE000012E5E,C319919350711,PHONE HOLDER,,,,in-stock,2026-06-07,,,,
STILL LIVE — genuinely not read,F0A0B30E4F9C0EE000012E65,C319919350711,PHONE HOLDER,,,,in-stock,2026-05-30,,,,
STILL LIVE — genuinely not read,F0A0B30E4F9C0EE000012E66,C319919350711,PHONE HOLDER,,,,in-stock,2026-06-07,,,,
STILL LIVE — genuinely not read,F0A0B30E4F9C0EE000012E6D,C319919350711,PHONE HOLDER,,,,in-stock,2026-06-07,,,,
STILL LIVE — genuinely not read,F0A0B30E4F9C0EE000012E6F,C319919350711,PHONE HOLDER,,,,in-stock,2026-06-07,,,,
STILL LIVE — genuinely not read,F0A0B30E4F9C0EE000012E8A,C319919350711,PHONE HOLDER,,,,in-stock,2026-06-07,,,,
STILL LIVE — genuinely not read,F0A0B30E4F9C0EE000012EBC,C319919350711,PHONE HOLDER,,,,in-stock,2026-06-05,,,,
STILL LIVE — genuinely not read,F0A0B30E4F9C0EE000012EBE,C319919350711,PHONE HOLDER,,,,in-stock,2026-06-07,,,,
STILL LIVE — genuinely not read,F0A0B30E4F9C0EE000012EF6,C319919350711,PHONE HOLDER,,,,in-stock,2026-06-07,,,,
STILL LIVE — genuinely not read,F0A0B30E4F9C0EE000012EFC,C319919350711,PHONE HOLDER,,,,in-stock,2026-06-07,,,,
STILL LIVE — genuinely not read,F0A0B30E4F9C0EE000012F01,C319919350711,PHONE HOLDER,,,,in-stock,2026-06-07,,,,
STILL LIVE — genuinely not read,F0A0B30E4F9C0EE000012F15,C319919350711,PHONE HOLDER,,,,in-stock,2026-06-07,,,,
STILL LIVE — genuinely not read,F0A0B30E4F9C0EE000012F5A,C319919350711,PHONE HOLDER,,,,in-stock,2026-06-07,,,,
STILL LIVE — genuinely not read,F0A0B30E4F9C0EE0000130FF,C319919350711,PHONE HOLDER,,,,in-stock,2026-06-07,,,,