sku,current_name,defect,suggested_name,type_position,color_in_name,flag_notes
C111214120701,CHOOSE CARBON T SHIRT,space instead of hyphen (T SHIRT),CHOOSE CARBON T-SHIRT,END,,no color in name; type at END (matches 'XXX T-SHIRT' convention)
C111214120702,CHOOSE CARBON T SHIRT,space instead of hyphen (T SHIRT),CHOOSE CARBON T-SHIRT,END,,no color in name; type at END (matches 'XXX T-SHIRT' convention)
C111214120703,CHOOSE CARBON T SHIRT,space instead of hyphen (T SHIRT),CHOOSE CARBON T-SHIRT,END,,no color in name; type at END (matches 'XXX T-SHIRT' convention)
C111214120704,CHOOSE CARBON T SHIRT,space instead of hyphen (T SHIRT),CHOOSE CARBON T-SHIRT,END,,no color in name; type at END (matches 'XXX T-SHIRT' convention)
C111214120705,CHOOSE CARBON T SHIRT,space instead of hyphen (T SHIRT),CHOOSE CARBON T-SHIRT,END,,no color in name; type at END (matches 'XXX T-SHIRT' convention)
C111214121101,CHOOSE CARBON T SHIRT,space instead of hyphen (T SHIRT),CHOOSE CARBON T-SHIRT,END,,no color in name; type at END (matches 'XXX T-SHIRT' convention)
C111214121102,CHOOSE CARBON T SHIRT,space instead of hyphen (T SHIRT),CHOOSE CARBON T-SHIRT,END,,no color in name; type at END (matches 'XXX T-SHIRT' convention)
C111214121103,CHOOSE CARBON T SHIRT,space instead of hyphen (T SHIRT),CHOOSE CARBON T-SHIRT,END,,no color in name; type at END (matches 'XXX T-SHIRT' convention)
C111214121104,CHOOSE CARBON T SHIRT,space instead of hyphen (T SHIRT),CHOOSE CARBON T-SHIRT,END,,no color in name; type at END (matches 'XXX T-SHIRT' convention)
C111214121105,CHOOSE CARBON T SHIRT,space instead of hyphen (T SHIRT),CHOOSE CARBON T-SHIRT,END,,no color in name; type at END (matches 'XXX T-SHIRT' convention)
C111214121401,CHOOSE CARBON T SHIRT,space instead of hyphen (T SHIRT),CHOOSE CARBON T-SHIRT,END,,no color in name; type at END (matches 'XXX T-SHIRT' convention)
C111214121402,CHOOSE CARBON T SHIRT,space instead of hyphen (T SHIRT),CHOOSE CARBON T-SHIRT,END,,no color in name; type at END (matches 'XXX T-SHIRT' convention)
C111214121403,CHOOSE CARBON T SHIRT,space instead of hyphen (T SHIRT),CHOOSE CARBON T-SHIRT,END,,no color in name; type at END (matches 'XXX T-SHIRT' convention)
C111214121404,CHOOSE CARBON T SHIRT,space instead of hyphen (T SHIRT),CHOOSE CARBON T-SHIRT,END,,no color in name; type at END (matches 'XXX T-SHIRT' convention)
C111214121405,CHOOSE CARBON T SHIRT,space instead of hyphen (T SHIRT),CHOOSE CARBON T-SHIRT,END,,no color in name; type at END (matches 'XXX T-SHIRT' convention)
210000003853,T SHIRT A BLACK,space instead of hyphen (T SHIRT),T-SHIRT A BLACK,FRONT,BLACK,
210000003855,T SHIRT A BLACK,space instead of hyphen (T SHIRT),T-SHIRT A BLACK,FRONT,BLACK,
210000003858,T SHIRT A BLACK,space instead of hyphen (T SHIRT),T-SHIRT A BLACK,FRONT,BLACK,
210000003860,T SHIRT A BLACK,space instead of hyphen (T SHIRT),T-SHIRT A BLACK,FRONT,BLACK,
210000003862,T SHIRT A LILAC,space instead of hyphen (T SHIRT),T-SHIRT A LILAC,FRONT,LILAC,
210000003865,T SHIRT A LILAC,space instead of hyphen (T SHIRT),T-SHIRT A LILAC,FRONT,LILAC,
210000003868,T SHIRT A LILAC,space instead of hyphen (T SHIRT),T-SHIRT A LILAC,FRONT,LILAC,
210000003871,T SHIRT A LILAC,space instead of hyphen (T SHIRT),T-SHIRT A LILAC,FRONT,LILAC,
210000003874,T SHIRT A WHITE,space instead of hyphen (T SHIRT),T-SHIRT A WHITE,FRONT,WHITE,
210000003877,T SHIRT A WHITE,space instead of hyphen (T SHIRT),T-SHIRT A WHITE,FRONT,WHITE,
210000003880,T SHIRT A WHITE,space instead of hyphen (T SHIRT),T-SHIRT A WHITE,FRONT,WHITE,
210000003882,T SHIRT A WHITE,space instead of hyphen (T SHIRT),T-SHIRT A WHITE,FRONT,WHITE,
210000003885,T SHIRT A WHITE,space instead of hyphen (T SHIRT),T-SHIRT A WHITE,FRONT,WHITE,
210000003888,T SHIRT A WHITE,space instead of hyphen (T SHIRT),T-SHIRT A WHITE,FRONT,WHITE,
210000003890,T SHIRT A WHITE,space instead of hyphen (T SHIRT),T-SHIRT A WHITE,FRONT,WHITE,
210000003893,T SHIRT AB BLACK,space instead of hyphen (T SHIRT),T-SHIRT AB BLACK,FRONT,BLACK,
210000003896,T SHIRT AB BLACK,space instead of hyphen (T SHIRT),T-SHIRT AB BLACK,FRONT,BLACK,
210000003899,T SHIRT AB BLACK,space instead of hyphen (T SHIRT),T-SHIRT AB BLACK,FRONT,BLACK,
210000003901,T SHIRT AB BLACK,space instead of hyphen (T SHIRT),T-SHIRT AB BLACK,FRONT,BLACK,
210000003904,T SHIRT AB BLACK,space instead of hyphen (T SHIRT),T-SHIRT AB BLACK,FRONT,BLACK,
210000003907,T SHIRT AB BLACK,space instead of hyphen (T SHIRT),T-SHIRT AB BLACK,FRONT,BLACK,
210000003910,T SHIRT AB BLACK,space instead of hyphen (T SHIRT),T-SHIRT AB BLACK,FRONT,BLACK,
210000003913,T SHIRT AB BLACK,space instead of hyphen (T SHIRT),T-SHIRT AB BLACK,FRONT,BLACK,
210000003915,T SHIRT AB BLACK,space instead of hyphen (T SHIRT),T-SHIRT AB BLACK,FRONT,BLACK,
210000003918,T SHIRT AB BLACK,space instead of hyphen (T SHIRT),T-SHIRT AB BLACK,FRONT,BLACK,
210000003928,T SHIRT AB BLACK,space instead of hyphen (T SHIRT),T-SHIRT AB BLACK,FRONT,BLACK,
210000003929,T SHIRT AB BLACK,space instead of hyphen (T SHIRT),T-SHIRT AB BLACK,FRONT,BLACK,
210000003930,T SHIRT AB BLACK,space instead of hyphen (T SHIRT),T-SHIRT AB BLACK,FRONT,BLACK,
210000003931,T SHIRT AB BLACK,space instead of hyphen (T SHIRT),T-SHIRT AB BLACK,FRONT,BLACK,
210000003932,T SHIRT AB BLACK,space instead of hyphen (T SHIRT),T-SHIRT AB BLACK,FRONT,BLACK,
210000003934,T SHIRT AB BLACK,space instead of hyphen (T SHIRT),T-SHIRT AB BLACK,FRONT,BLACK,
210000003936,T SHIRT AB BLACK,space instead of hyphen (T SHIRT),T-SHIRT AB BLACK,FRONT,BLACK,
210000003940,T SHIRT AB BLACK,space instead of hyphen (T SHIRT),T-SHIRT AB BLACK,FRONT,BLACK,
210000003943,T SHIRT AB BLACK,space instead of hyphen (T SHIRT),T-SHIRT AB BLACK,FRONT,BLACK,
210000003933,T SHIRT AB WHITE,space instead of hyphen (T SHIRT),T-SHIRT AB WHITE,FRONT,WHITE,
210000003946,T SHIRT AB WHITE,space instead of hyphen (T SHIRT),T-SHIRT AB WHITE,FRONT,WHITE,
210000003949,T SHIRT AB WHITE,space instead of hyphen (T SHIRT),T-SHIRT AB WHITE,FRONT,WHITE,
210000003952,T SHIRT AB WHITE,space instead of hyphen (T SHIRT),T-SHIRT AB WHITE,FRONT,WHITE,
210000003955,T SHIRT AB WHITE,space instead of hyphen (T SHIRT),T-SHIRT AB WHITE,FRONT,WHITE,
210000003958,T SHIRT AB WHITE,space instead of hyphen (T SHIRT),T-SHIRT AB WHITE,FRONT,WHITE,
210000003961,T SHIRT AB WHITE,space instead of hyphen (T SHIRT),T-SHIRT AB WHITE,FRONT,WHITE,
210000003964,T SHIRT AB WHITE,space instead of hyphen (T SHIRT),T-SHIRT AB WHITE,FRONT,WHITE,
210000003967,T SHIRT AB WHITE,space instead of hyphen (T SHIRT),T-SHIRT AB WHITE,FRONT,WHITE,
210000003970,T SHIRT AB WHITE,space instead of hyphen (T SHIRT),T-SHIRT AB WHITE,FRONT,WHITE,
210000003973,T SHIRT AB WHITE,space instead of hyphen (T SHIRT),T-SHIRT AB WHITE,FRONT,WHITE,
210000003976,T SHIRT AB WHITE,space instead of hyphen (T SHIRT),T-SHIRT AB WHITE,FRONT,WHITE,
210000003980,T SHIRT AB WHITE,space instead of hyphen (T SHIRT),T-SHIRT AB WHITE,FRONT,WHITE,
210000003983,T SHIRT AB WHITE,space instead of hyphen (T SHIRT),T-SHIRT AB WHITE,FRONT,WHITE,
210000003986,T SHIRT AB WHITE,space instead of hyphen (T SHIRT),T-SHIRT AB WHITE,FRONT,WHITE,
210000003989,T SHIRT AB WHITE,space instead of hyphen (T SHIRT),T-SHIRT AB WHITE,FRONT,WHITE,
210000003992,T SHIRT AB WHITE,space instead of hyphen (T SHIRT),T-SHIRT AB WHITE,FRONT,WHITE,
210000003935,T SHIRT AC BLACK,space instead of hyphen (T SHIRT),T-SHIRT AC BLACK,FRONT,BLACK,
210000003939,T SHIRT AC BLACK,space instead of hyphen (T SHIRT),T-SHIRT AC BLACK,FRONT,BLACK,
210000003942,T SHIRT AC BLACK,space instead of hyphen (T SHIRT),T-SHIRT AC BLACK,FRONT,BLACK,
210000003945,T SHIRT AC BLACK,space instead of hyphen (T SHIRT),T-SHIRT AC BLACK,FRONT,BLACK,
210000003948,T SHIRT AC BLACK,space instead of hyphen (T SHIRT),T-SHIRT AC BLACK,FRONT,BLACK,
210000003951,T SHIRT AC BLACK,space instead of hyphen (T SHIRT),T-SHIRT AC BLACK,FRONT,BLACK,
210000003953,T SHIRT AC BLACK,space instead of hyphen (T SHIRT),T-SHIRT AC BLACK,FRONT,BLACK,
210000003956,T SHIRT AC BLACK,space instead of hyphen (T SHIRT),T-SHIRT AC BLACK,FRONT,BLACK,
210000003959,T SHIRT AC BLACK,space instead of hyphen (T SHIRT),T-SHIRT AC BLACK,FRONT,BLACK,
210000003963,T SHIRT AC BLACK,space instead of hyphen (T SHIRT),T-SHIRT AC BLACK,FRONT,BLACK,
210000003966,T SHIRT AC BLACK,space instead of hyphen (T SHIRT),T-SHIRT AC BLACK,FRONT,BLACK,
210000003969,T SHIRT AC BLACK,space instead of hyphen (T SHIRT),T-SHIRT AC BLACK,FRONT,BLACK,
210000003972,T SHIRT AC BLACK,space instead of hyphen (T SHIRT),T-SHIRT AC BLACK,FRONT,BLACK,
210000003975,T SHIRT AC RED,space instead of hyphen (T SHIRT),T-SHIRT AC RED,FRONT,RED,
210000003979,T SHIRT AC RED,space instead of hyphen (T SHIRT),T-SHIRT AC RED,FRONT,RED,
210000003982,T SHIRT AC RED,space instead of hyphen (T SHIRT),T-SHIRT AC RED,FRONT,RED,
210000003985,T SHIRT AC RED,space instead of hyphen (T SHIRT),T-SHIRT AC RED,FRONT,RED,
210000003988,T SHIRT AC RED,space instead of hyphen (T SHIRT),T-SHIRT AC RED,FRONT,RED,
210000003991,T SHIRT AC RED,space instead of hyphen (T SHIRT),T-SHIRT AC RED,FRONT,RED,
210000003994,T SHIRT AC RED,space instead of hyphen (T SHIRT),T-SHIRT AC RED,FRONT,RED,
210000003996,T SHIRT AC RED,space instead of hyphen (T SHIRT),T-SHIRT AC RED,FRONT,RED,
210000003999,T SHIRT AC RED,space instead of hyphen (T SHIRT),T-SHIRT AC RED,FRONT,RED,
210000004001,T SHIRT AC RED,space instead of hyphen (T SHIRT),T-SHIRT AC RED,FRONT,RED,
210000004002,T SHIRT AC RED,space instead of hyphen (T SHIRT),T-SHIRT AC RED,FRONT,RED,
210000003854,T SHIRT AC WHITE,space instead of hyphen (T SHIRT),T-SHIRT AC WHITE,FRONT,WHITE,
210000003856,T SHIRT AC WHITE,space instead of hyphen (T SHIRT),T-SHIRT AC WHITE,FRONT,WHITE,
210000003859,T SHIRT AC WHITE,space instead of hyphen (T SHIRT),T-SHIRT AC WHITE,FRONT,WHITE,
210000003863,T SHIRT AC WHITE,space instead of hyphen (T SHIRT),T-SHIRT AC WHITE,FRONT,WHITE,
210000003866,T SHIRT AC WHITE,space instead of hyphen (T SHIRT),T-SHIRT AC WHITE,FRONT,WHITE,
210000003870,T SHIRT AC WHITE,space instead of hyphen (T SHIRT),T-SHIRT AC WHITE,FRONT,WHITE,
210000003873,T SHIRT AC WHITE,space instead of hyphen (T SHIRT),T-SHIRT AC WHITE,FRONT,WHITE,
210000003876,T SHIRT AC WHITE,space instead of hyphen (T SHIRT),T-SHIRT AC WHITE,FRONT,WHITE,
210000003879,T SHIRT AC WHITE,space instead of hyphen (T SHIRT),T-SHIRT AC WHITE,FRONT,WHITE,
210000003883,T SHIRT AC WHITE,space instead of hyphen (T SHIRT),T-SHIRT AC WHITE,FRONT,WHITE,
210000003886,T SHIRT AD BLACK,space instead of hyphen (T SHIRT),T-SHIRT AD BLACK,FRONT,BLACK,
210000003889,T SHIRT AD BLACK,space instead of hyphen (T SHIRT),T-SHIRT AD BLACK,FRONT,BLACK,
210000003892,T SHIRT AD BLACK,space instead of hyphen (T SHIRT),T-SHIRT AD BLACK,FRONT,BLACK,
210000003895,T SHIRT AD BLACK,space instead of hyphen (T SHIRT),T-SHIRT AD BLACK,FRONT,BLACK,
210000003898,T SHIRT AD BLACK,space instead of hyphen (T SHIRT),T-SHIRT AD BLACK,FRONT,BLACK,
210000003902,T SHIRT AD BLACK,space instead of hyphen (T SHIRT),T-SHIRT AD BLACK,FRONT,BLACK,
210000003905,T SHIRT AD BLUE,space instead of hyphen (T SHIRT),T-SHIRT AD BLUE,FRONT,BLUE,
210000003909,T SHIRT AD BLUE,space instead of hyphen (T SHIRT),T-SHIRT AD BLUE,FRONT,BLUE,
210000003912,T SHIRT AD BLUE,space instead of hyphen (T SHIRT),T-SHIRT AD BLUE,FRONT,BLUE,
210000003916,T SHIRT AD BLUE,space instead of hyphen (T SHIRT),T-SHIRT AD BLUE,FRONT,BLUE,
210000003919,T SHIRT AD BLUE,space instead of hyphen (T SHIRT),T-SHIRT AD BLUE,FRONT,BLUE,
210000003921,T SHIRT AD BLUE,space instead of hyphen (T SHIRT),T-SHIRT AD BLUE,FRONT,BLUE,
210000003923,T SHIRT AD BLUE,space instead of hyphen (T SHIRT),T-SHIRT AD BLUE,FRONT,BLUE,
210000003925,T SHIRT AD BLUE,space instead of hyphen (T SHIRT),T-SHIRT AD BLUE,FRONT,BLUE,
210000003857,T SHIRT AD WHITE,space instead of hyphen (T SHIRT),T-SHIRT AD WHITE,FRONT,WHITE,
210000003861,T SHIRT AD WHITE,space instead of hyphen (T SHIRT),T-SHIRT AD WHITE,FRONT,WHITE,
210000003864,T SHIRT AD WHITE,space instead of hyphen (T SHIRT),T-SHIRT AD WHITE,FRONT,WHITE,
210000003867,T SHIRT AD WHITE,space instead of hyphen (T SHIRT),T-SHIRT AD WHITE,FRONT,WHITE,
210000003869,T SHIRT AD WHITE,space instead of hyphen (T SHIRT),T-SHIRT AD WHITE,FRONT,WHITE,
210000003872,T SHIRT AD WHITE,space instead of hyphen (T SHIRT),T-SHIRT AD WHITE,FRONT,WHITE,
210000003875,T SHIRT AD WHITE,space instead of hyphen (T SHIRT),T-SHIRT AD WHITE,FRONT,WHITE,
210000003878,T SHIRT AD WHITE,space instead of hyphen (T SHIRT),T-SHIRT AD WHITE,FRONT,WHITE,
210000003881,T SHIRT AD WHITE,space instead of hyphen (T SHIRT),T-SHIRT AD WHITE,FRONT,WHITE,
210000003884,T SHIRT AD WHITE,space instead of hyphen (T SHIRT),T-SHIRT AD WHITE,FRONT,WHITE,
210000003887,T SHIRT AD WHITE,space instead of hyphen (T SHIRT),T-SHIRT AD WHITE,FRONT,WHITE,
210000003891,T SHIRT AD WHITE,space instead of hyphen (T SHIRT),T-SHIRT AD WHITE,FRONT,WHITE,
210000003927,T SHIRT AD WHITE,space instead of hyphen (T SHIRT),T-SHIRT AD WHITE,FRONT,WHITE,
210000003894,T SHIRT AE BLACK,space instead of hyphen (T SHIRT),T-SHIRT AE BLACK,FRONT,BLACK,
210000003897,T SHIRT AE BLACK,space instead of hyphen (T SHIRT),T-SHIRT AE BLACK,FRONT,BLACK,
210000003900,T SHIRT AE BLACK,space instead of hyphen (T SHIRT),T-SHIRT AE BLACK,FRONT,BLACK,
210000003903,T SHIRT AE BLACK,space instead of hyphen (T SHIRT),T-SHIRT AE BLACK,FRONT,BLACK,
210000003906,T SHIRT AE BLACK,space instead of hyphen (T SHIRT),T-SHIRT AE BLACK,FRONT,BLACK,
210000003908,T SHIRT AE BLACK,space instead of hyphen (T SHIRT),T-SHIRT AE BLACK,FRONT,BLACK,
210000003911,T SHIRT AE BLACK,space instead of hyphen (T SHIRT),T-SHIRT AE BLACK,FRONT,BLACK,
210000003914,T SHIRT AE BLACK,space instead of hyphen (T SHIRT),T-SHIRT AE BLACK,FRONT,BLACK,
210000003917,T SHIRT AE BLACK,space instead of hyphen (T SHIRT),T-SHIRT AE BLACK,FRONT,BLACK,
210000003920,T SHIRT AE BLACK,space instead of hyphen (T SHIRT),T-SHIRT AE BLACK,FRONT,BLACK,
210000003922,T SHIRT AE BLACK,space instead of hyphen (T SHIRT),T-SHIRT AE BLACK,FRONT,BLACK,
210000003924,T SHIRT AE LILAC,space instead of hyphen (T SHIRT),T-SHIRT AE LILAC,FRONT,LILAC,
210000003926,T SHIRT AE LILAC,space instead of hyphen (T SHIRT),T-SHIRT AE LILAC,FRONT,LILAC,
210000004078,T SHIRT AI BLACK,space instead of hyphen (T SHIRT),T-SHIRT AI BLACK,FRONT,BLACK,
210000004079,T SHIRT AI BLACK,space instead of hyphen (T SHIRT),T-SHIRT AI BLACK,FRONT,BLACK,
210000004080,T SHIRT AI BLACK,space instead of hyphen (T SHIRT),T-SHIRT AI BLACK,FRONT,BLACK,
210000004083,T SHIRT AI BLACK,space instead of hyphen (T SHIRT),T-SHIRT AI BLACK,FRONT,BLACK,
210000004085,T SHIRT AI BLACK,space instead of hyphen (T SHIRT),T-SHIRT AI BLACK,FRONT,BLACK,
210000004087,T SHIRT AI BLACK,space instead of hyphen (T SHIRT),T-SHIRT AI BLACK,FRONT,BLACK,
210000004090,T SHIRT AI BLACK,space instead of hyphen (T SHIRT),T-SHIRT AI BLACK,FRONT,BLACK,
210000004093,T SHIRT AI BLACK,space instead of hyphen (T SHIRT),T-SHIRT AI BLACK,FRONT,BLACK,
210000004095,T SHIRT AI BLACK,space instead of hyphen (T SHIRT),T-SHIRT AI BLACK,FRONT,BLACK,
210000004098,T SHIRT AI BLACK,space instead of hyphen (T SHIRT),T-SHIRT AI BLACK,FRONT,BLACK,
210000004103,T SHIRT AI BLACK,space instead of hyphen (T SHIRT),T-SHIRT AI BLACK,FRONT,BLACK,
210000004105,T SHIRT AI BLACK,space instead of hyphen (T SHIRT),T-SHIRT AI BLACK,FRONT,BLACK,
210000004108,T SHIRT AI BLACK,space instead of hyphen (T SHIRT),T-SHIRT AI BLACK,FRONT,BLACK,
210000004113,T SHIRT AI BLACK,space instead of hyphen (T SHIRT),T-SHIRT AI BLACK,FRONT,BLACK,
210000004116,T SHIRT AI BLACK,space instead of hyphen (T SHIRT),T-SHIRT AI BLACK,FRONT,BLACK,
210000004118,T SHIRT AI BLACK,space instead of hyphen (T SHIRT),T-SHIRT AI BLACK,FRONT,BLACK,
210000004122,T SHIRT AI BLACK,space instead of hyphen (T SHIRT),T-SHIRT AI BLACK,FRONT,BLACK,
210000004125,T SHIRT AI BLACK,space instead of hyphen (T SHIRT),T-SHIRT AI BLACK,FRONT,BLACK,
210000004128,T SHIRT AI BLACK,space instead of hyphen (T SHIRT),T-SHIRT AI BLACK,FRONT,BLACK,
210000004131,T SHIRT AI BLACK,space instead of hyphen (T SHIRT),T-SHIRT AI BLACK,FRONT,BLACK,
210000004134,T SHIRT AI BLACK,space instead of hyphen (T SHIRT),T-SHIRT AI BLACK,FRONT,BLACK,
210000004137,T SHIRT AI BLACK,space instead of hyphen (T SHIRT),T-SHIRT AI BLACK,FRONT,BLACK,
210000004140,T SHIRT AI BLACK,space instead of hyphen (T SHIRT),T-SHIRT AI BLACK,FRONT,BLACK,
210000004142,T SHIRT AI BLACK,space instead of hyphen (T SHIRT),T-SHIRT AI BLACK,FRONT,BLACK,
210000004144,T SHIRT AI BLACK,space instead of hyphen (T SHIRT),T-SHIRT AI BLACK,FRONT,BLACK,
210000004146,T SHIRT AI BLACK,space instead of hyphen (T SHIRT),T-SHIRT AI BLACK,FRONT,BLACK,
210000004081,T SHIRT AI WHITE,space instead of hyphen (T SHIRT),T-SHIRT AI WHITE,FRONT,WHITE,
210000004082,T SHIRT AI WHITE,space instead of hyphen (T SHIRT),T-SHIRT AI WHITE,FRONT,WHITE,
210000004084,T SHIRT AI WHITE,space instead of hyphen (T SHIRT),T-SHIRT AI WHITE,FRONT,WHITE,
210000004086,T SHIRT AI WHITE,space instead of hyphen (T SHIRT),T-SHIRT AI WHITE,FRONT,WHITE,
210000004088,T SHIRT AI WHITE,space instead of hyphen (T SHIRT),T-SHIRT AI WHITE,FRONT,WHITE,
210000004091,T SHIRT AI WHITE,space instead of hyphen (T SHIRT),T-SHIRT AI WHITE,FRONT,WHITE,
210000004094,T SHIRT AI WHITE,space instead of hyphen (T SHIRT),T-SHIRT AI WHITE,FRONT,WHITE,
210000004097,T SHIRT AI WHITE,space instead of hyphen (T SHIRT),T-SHIRT AI WHITE,FRONT,WHITE,
210000004100,T SHIRT AI WHITE,space instead of hyphen (T SHIRT),T-SHIRT AI WHITE,FRONT,WHITE,
210000004101,T SHIRT AI WHITE,space instead of hyphen (T SHIRT),T-SHIRT AI WHITE,FRONT,WHITE,
210000004104,T SHIRT AI WHITE,space instead of hyphen (T SHIRT),T-SHIRT AI WHITE,FRONT,WHITE,
210000004107,T SHIRT AJ BLACK,space instead of hyphen (T SHIRT),T-SHIRT AJ BLACK,FRONT,BLACK,
210000004110,T SHIRT AJ BLACK,space instead of hyphen (T SHIRT),T-SHIRT AJ BLACK,FRONT,BLACK,
210000004112,T SHIRT AJ WHITE,space instead of hyphen (T SHIRT),T-SHIRT AJ WHITE,FRONT,WHITE,
210000004114,T SHIRT AJ WHITE,space instead of hyphen (T SHIRT),T-SHIRT AJ WHITE,FRONT,WHITE,
210000004117,T SHIRT AJ WHITE,space instead of hyphen (T SHIRT),T-SHIRT AJ WHITE,FRONT,WHITE,
210000004120,T SHIRT AJ WHITE,space instead of hyphen (T SHIRT),T-SHIRT AJ WHITE,FRONT,WHITE,
210000004003,T SHIRT AK BLACK,space instead of hyphen (T SHIRT),T-SHIRT AK BLACK,FRONT,BLACK,
210000004004,T SHIRT AK BLACK,space instead of hyphen (T SHIRT),T-SHIRT AK BLACK,FRONT,BLACK,
210000004006,T SHIRT AK BLACK,space instead of hyphen (T SHIRT),T-SHIRT AK BLACK,FRONT,BLACK,
210000004008,T SHIRT AK BLACK,space instead of hyphen (T SHIRT),T-SHIRT AK BLACK,FRONT,BLACK,
210000004010,T SHIRT AK BLACK,space instead of hyphen (T SHIRT),T-SHIRT AK BLACK,FRONT,BLACK,
210000004013,T SHIRT AK BLACK,space instead of hyphen (T SHIRT),T-SHIRT AK BLACK,FRONT,BLACK,
210000004016,T SHIRT AK BLACK,space instead of hyphen (T SHIRT),T-SHIRT AK BLACK,FRONT,BLACK,
210000004019,T SHIRT AK BLACK,space instead of hyphen (T SHIRT),T-SHIRT AK BLACK,FRONT,BLACK,
210000004123,T SHIRT AK BLACK,space instead of hyphen (T SHIRT),T-SHIRT AK BLACK,FRONT,BLACK,
210000004124,T SHIRT AK BLACK,space instead of hyphen (T SHIRT),T-SHIRT AK BLACK,FRONT,BLACK,
210000004127,T SHIRT AK BLACK,space instead of hyphen (T SHIRT),T-SHIRT AK BLACK,FRONT,BLACK,
210000004130,T SHIRT AK BLACK,space instead of hyphen (T SHIRT),T-SHIRT AK BLACK,FRONT,BLACK,
210000004133,T SHIRT AK BLACK,space instead of hyphen (T SHIRT),T-SHIRT AK BLACK,FRONT,BLACK,
210000004136,T SHIRT AK BLACK,space instead of hyphen (T SHIRT),T-SHIRT AK BLACK,FRONT,BLACK,
210000004139,T SHIRT AK BLACK,space instead of hyphen (T SHIRT),T-SHIRT AK BLACK,FRONT,BLACK,
210000004022,T SHIRT AK WHITE,space instead of hyphen (T SHIRT),T-SHIRT AK WHITE,FRONT,WHITE,
210000004025,T SHIRT AK WHITE,space instead of hyphen (T SHIRT),T-SHIRT AK WHITE,FRONT,WHITE,
210000004028,T SHIRT AK WHITE,space instead of hyphen (T SHIRT),T-SHIRT AK WHITE,FRONT,WHITE,
210000004031,T SHIRT AK WHITE,space instead of hyphen (T SHIRT),T-SHIRT AK WHITE,FRONT,WHITE,
210000004034,T SHIRT AK WHITE,space instead of hyphen (T SHIRT),T-SHIRT AK WHITE,FRONT,WHITE,
210000004037,T SHIRT AL BLACK,space instead of hyphen (T SHIRT),T-SHIRT AL BLACK,FRONT,BLACK,
210000004040,T SHIRT AL BLACK,space instead of hyphen (T SHIRT),T-SHIRT AL BLACK,FRONT,BLACK,
210000004043,T SHIRT AL WHITE,space instead of hyphen (T SHIRT),T-SHIRT AL WHITE,FRONT,WHITE,
210000004046,T SHIRT AL WHITE,space instead of hyphen (T SHIRT),T-SHIRT AL WHITE,FRONT,WHITE,
210000004049,T SHIRT AL WHITE,space instead of hyphen (T SHIRT),T-SHIRT AL WHITE,FRONT,WHITE,
210000004052,T SHIRT AL WHITE,space instead of hyphen (T SHIRT),T-SHIRT AL WHITE,FRONT,WHITE,
210000004054,T SHIRT AL WHITE,space instead of hyphen (T SHIRT),T-SHIRT AL WHITE,FRONT,WHITE,
210000004058,T SHIRT AL WHITE,space instead of hyphen (T SHIRT),T-SHIRT AL WHITE,FRONT,WHITE,
210000004061,T SHIRT AL WHITE,space instead of hyphen (T SHIRT),T-SHIRT AL WHITE,FRONT,WHITE,
210000004064,T SHIRT AL WHITE,space instead of hyphen (T SHIRT),T-SHIRT AL WHITE,FRONT,WHITE,
210000004067,T SHIRT AL WHITE,space instead of hyphen (T SHIRT),T-SHIRT AL WHITE,FRONT,WHITE,
210000004069,T SHIRT AL WHITE,space instead of hyphen (T SHIRT),T-SHIRT AL WHITE,FRONT,WHITE,
210000003852,T SHIRT B,space instead of hyphen (T SHIRT),T-SHIRT B,FRONT,,no color in name
210000004184,T SHIRT B BLACK,space instead of hyphen (T SHIRT),T-SHIRT B BLACK,FRONT,BLACK,
210000004187,T SHIRT B BLACK,space instead of hyphen (T SHIRT),T-SHIRT B BLACK,FRONT,BLACK,
210000004189,T SHIRT B BLACK,space instead of hyphen (T SHIRT),T-SHIRT B BLACK,FRONT,BLACK,
210000004192,T SHIRT B BLACK,space instead of hyphen (T SHIRT),T-SHIRT B BLACK,FRONT,BLACK,
210000004195,T SHIRT B BLACK,space instead of hyphen (T SHIRT),T-SHIRT B BLACK,FRONT,BLACK,
210000004198,T SHIRT B BLACK,space instead of hyphen (T SHIRT),T-SHIRT B BLACK,FRONT,BLACK,
210000004200,T SHIRT B BLACK,space instead of hyphen (T SHIRT),T-SHIRT B BLACK,FRONT,BLACK,
210000004202,T SHIRT B BLACK,space instead of hyphen (T SHIRT),T-SHIRT B BLACK,FRONT,BLACK,
210000004205,T SHIRT B BLACK,space instead of hyphen (T SHIRT),T-SHIRT B BLACK,FRONT,BLACK,
210000004207,T SHIRT B BLACK,space instead of hyphen (T SHIRT),T-SHIRT B BLACK,FRONT,BLACK,
210000004210,T SHIRT B KHAKI,space instead of hyphen (T SHIRT),T-SHIRT B KHAKI,FRONT,KHAKI,
210000004213,T SHIRT B KHAKI,space instead of hyphen (T SHIRT),T-SHIRT B KHAKI,FRONT,KHAKI,
210000004216,T SHIRT B KHAKI,space instead of hyphen (T SHIRT),T-SHIRT B KHAKI,FRONT,KHAKI,
210000004219,T SHIRT B KHAKI,space instead of hyphen (T SHIRT),T-SHIRT B KHAKI,FRONT,KHAKI,
210000004222,T SHIRT B KHAKI,space instead of hyphen (T SHIRT),T-SHIRT B KHAKI,FRONT,KHAKI,
210000004223,T SHIRT B KHAKI,space instead of hyphen (T SHIRT),T-SHIRT B KHAKI,FRONT,KHAKI,
210000004225,T SHIRT B KHAKI,space instead of hyphen (T SHIRT),T-SHIRT B KHAKI,FRONT,KHAKI,
210000004227,T SHIRT B KHAKI,space instead of hyphen (T SHIRT),T-SHIRT B KHAKI,FRONT,KHAKI,
210000004229,T SHIRT B KHAKI,space instead of hyphen (T SHIRT),T-SHIRT B KHAKI,FRONT,KHAKI,
210000004231,T SHIRT B KHAKI,space instead of hyphen (T SHIRT),T-SHIRT B KHAKI,FRONT,KHAKI,
210000004232,T SHIRT B KHAKI,space instead of hyphen (T SHIRT),T-SHIRT B KHAKI,FRONT,KHAKI,
210000004234,T SHIRT B KHAKI,space instead of hyphen (T SHIRT),T-SHIRT B KHAKI,FRONT,KHAKI,
210000004236,T SHIRT B KHAKI,space instead of hyphen (T SHIRT),T-SHIRT B KHAKI,FRONT,KHAKI,
210000004238,T SHIRT B KHAKI,space instead of hyphen (T SHIRT),T-SHIRT B KHAKI,FRONT,KHAKI,
210000004240,T SHIRT B KHAKI,space instead of hyphen (T SHIRT),T-SHIRT B KHAKI,FRONT,KHAKI,
210000004089,T SHIRT B RED,space instead of hyphen (T SHIRT),T-SHIRT B RED,FRONT,RED,
210000004092,T SHIRT BC BLACK,space instead of hyphen (T SHIRT),T-SHIRT BC BLACK,FRONT,BLACK,
210000004096,T SHIRT BC BLACK,space instead of hyphen (T SHIRT),T-SHIRT BC BLACK,FRONT,BLACK,
210000004099,T SHIRT BC BLACK,space instead of hyphen (T SHIRT),T-SHIRT BC BLACK,FRONT,BLACK,
210000004102,T SHIRT BC BLACK,space instead of hyphen (T SHIRT),T-SHIRT BC BLACK,FRONT,BLACK,
210000004106,T SHIRT BC BLACK,space instead of hyphen (T SHIRT),T-SHIRT BC BLACK,FRONT,BLACK,
210000004109,T SHIRT BC BLACK,space instead of hyphen (T SHIRT),T-SHIRT BC BLACK,FRONT,BLACK,
210000004111,T SHIRT BC BLACK,space instead of hyphen (T SHIRT),T-SHIRT BC BLACK,FRONT,BLACK,
210000004115,T SHIRT BC BLACK,space instead of hyphen (T SHIRT),T-SHIRT BC BLACK,FRONT,BLACK,
210000004119,T SHIRT BC BLACK,space instead of hyphen (T SHIRT),T-SHIRT BC BLACK,FRONT,BLACK,
210000004121,T SHIRT BC BLACK,space instead of hyphen (T SHIRT),T-SHIRT BC BLACK,FRONT,BLACK,
210000004126,T SHIRT BC WHITE,space instead of hyphen (T SHIRT),T-SHIRT BC WHITE,FRONT,WHITE,
210000004129,T SHIRT BC WHITE,space instead of hyphen (T SHIRT),T-SHIRT BC WHITE,FRONT,WHITE,
210000004132,T SHIRT BC WHITE,space instead of hyphen (T SHIRT),T-SHIRT BC WHITE,FRONT,WHITE,
210000004135,T SHIRT BC WHITE,space instead of hyphen (T SHIRT),T-SHIRT BC WHITE,FRONT,WHITE,
210000004138,T SHIRT BC WHITE,space instead of hyphen (T SHIRT),T-SHIRT BC WHITE,FRONT,WHITE,
210000004141,T SHIRT BC WHITE,space instead of hyphen (T SHIRT),T-SHIRT BC WHITE,FRONT,WHITE,
210000004005,T SHIRT C BLACK,space instead of hyphen (T SHIRT),T-SHIRT C BLACK,FRONT,BLACK,
210000004007,T SHIRT C BLACK,space instead of hyphen (T SHIRT),T-SHIRT C BLACK,FRONT,BLACK,
210000004009,T SHIRT C BLACK,space instead of hyphen (T SHIRT),T-SHIRT C BLACK,FRONT,BLACK,
210000004012,T SHIRT C BLACK,space instead of hyphen (T SHIRT),T-SHIRT C BLACK,FRONT,BLACK,
210000004015,T SHIRT C BLACK,space instead of hyphen (T SHIRT),T-SHIRT C BLACK,FRONT,BLACK,
210000004018,T SHIRT C BLACK,space instead of hyphen (T SHIRT),T-SHIRT C BLACK,FRONT,BLACK,
210000004021,T SHIRT C BLACK,space instead of hyphen (T SHIRT),T-SHIRT C BLACK,FRONT,BLACK,
210000004024,T SHIRT C BLACK,space instead of hyphen (T SHIRT),T-SHIRT C BLACK,FRONT,BLACK,
210000004027,T SHIRT C BLACK,space instead of hyphen (T SHIRT),T-SHIRT C BLACK,FRONT,BLACK,
210000004030,T SHIRT C BLACK,space instead of hyphen (T SHIRT),T-SHIRT C BLACK,FRONT,BLACK,
210000004143,T SHIRT C BLACK,space instead of hyphen (T SHIRT),T-SHIRT C BLACK,FRONT,BLACK,
210000004145,T SHIRT C BLACK,space instead of hyphen (T SHIRT),T-SHIRT C BLACK,FRONT,BLACK,
210000004147,T SHIRT C BLACK,space instead of hyphen (T SHIRT),T-SHIRT C BLACK,FRONT,BLACK,
210000004148,T SHIRT C BLACK,space instead of hyphen (T SHIRT),T-SHIRT C BLACK,FRONT,BLACK,
210000004149,T SHIRT C BLACK,space instead of hyphen (T SHIRT),T-SHIRT C BLACK,FRONT,BLACK,
210000004150,T SHIRT C BLACK,space instead of hyphen (T SHIRT),T-SHIRT C BLACK,FRONT,BLACK,
210000004151,T SHIRT C BLACK,space instead of hyphen (T SHIRT),T-SHIRT C BLACK,FRONT,BLACK,
210000004152,T SHIRT C BLACK,space instead of hyphen (T SHIRT),T-SHIRT C BLACK,FRONT,BLACK,
210000004033,T SHIRT C LILAC,space instead of hyphen (T SHIRT),T-SHIRT C LILAC,FRONT,LILAC,
210000004036,T SHIRT C LILAC,space instead of hyphen (T SHIRT),T-SHIRT C LILAC,FRONT,LILAC,
210000004039,T SHIRT C LILAC,space instead of hyphen (T SHIRT),T-SHIRT C LILAC,FRONT,LILAC,
210000004042,T SHIRT G BLACK,space instead of hyphen (T SHIRT),T-SHIRT G BLACK,FRONT,BLACK,
210000004044,T SHIRT G BLACK,space instead of hyphen (T SHIRT),T-SHIRT G BLACK,FRONT,BLACK,
210000004047,T SHIRT G BLACK,space instead of hyphen (T SHIRT),T-SHIRT G BLACK,FRONT,BLACK,
210000004050,T SHIRT G BLACK,space instead of hyphen (T SHIRT),T-SHIRT G BLACK,FRONT,BLACK,
210000004053,T SHIRT G BLACK,space instead of hyphen (T SHIRT),T-SHIRT G BLACK,FRONT,BLACK,
210000004056,T SHIRT G BLACK,space instead of hyphen (T SHIRT),T-SHIRT G BLACK,FRONT,BLACK,
210000004059,T SHIRT G BLACK,space instead of hyphen (T SHIRT),T-SHIRT G BLACK,FRONT,BLACK,
210000004062,T SHIRT G BLACK,space instead of hyphen (T SHIRT),T-SHIRT G BLACK,FRONT,BLACK,
210000004065,T SHIRT G BLACK,space instead of hyphen (T SHIRT),T-SHIRT G BLACK,FRONT,BLACK,
210000004068,T SHIRT G BLACK,space instead of hyphen (T SHIRT),T-SHIRT G BLACK,FRONT,BLACK,
210000004071,T SHIRT G BLACK,space instead of hyphen (T SHIRT),T-SHIRT G BLACK,FRONT,BLACK,
210000004073,T SHIRT G BLACK,space instead of hyphen (T SHIRT),T-SHIRT G BLACK,FRONT,BLACK,
210000004161,T SHIRT G BLUE,space instead of hyphen (T SHIRT),T-SHIRT G BLUE,FRONT,BLUE,
210000004163,T SHIRT G BLUE,space instead of hyphen (T SHIRT),T-SHIRT G BLUE,FRONT,BLUE,
210000004165,T SHIRT G BLUE,space instead of hyphen (T SHIRT),T-SHIRT G BLUE,FRONT,BLUE,
210000004167,T SHIRT G BLUE,space instead of hyphen (T SHIRT),T-SHIRT G BLUE,FRONT,BLUE,
210000004169,T SHIRT G BLUE,space instead of hyphen (T SHIRT),T-SHIRT G BLUE,FRONT,BLUE,
210000004171,T SHIRT G BLUE,space instead of hyphen (T SHIRT),T-SHIRT G BLUE,FRONT,BLUE,
210000004173,T SHIRT G BLUE,space instead of hyphen (T SHIRT),T-SHIRT G BLUE,FRONT,BLUE,
210000004175,T SHIRT G BLUE,space instead of hyphen (T SHIRT),T-SHIRT G BLUE,FRONT,BLUE,
210000004177,T SHIRT G BLUE,space instead of hyphen (T SHIRT),T-SHIRT G BLUE,FRONT,BLUE,
210000004178,T SHIRT G LILAC,space instead of hyphen (T SHIRT),T-SHIRT G LILAC,FRONT,LILAC,
210000004180,T SHIRT H BLACK,space instead of hyphen (T SHIRT),T-SHIRT H BLACK,FRONT,BLACK,
210000004182,T SHIRT H RED,space instead of hyphen (T SHIRT),T-SHIRT H RED,FRONT,RED,
210000004185,T SHIRT H RED,space instead of hyphen (T SHIRT),T-SHIRT H RED,FRONT,RED,
210000004188,T SHIRT H RED,space instead of hyphen (T SHIRT),T-SHIRT H RED,FRONT,RED,
210000004190,T SHIRT H WHITE,space instead of hyphen (T SHIRT),T-SHIRT H WHITE,FRONT,WHITE,
210000004193,T SHIRT H WHITE,space instead of hyphen (T SHIRT),T-SHIRT H WHITE,FRONT,WHITE,
210000004196,T SHIRT I BLACK,space instead of hyphen (T SHIRT),T-SHIRT I BLACK,FRONT,BLACK,
210000004199,T SHIRT I BLACK,space instead of hyphen (T SHIRT),T-SHIRT I BLACK,FRONT,BLACK,
210000004203,T SHIRT I BLACK,space instead of hyphen (T SHIRT),T-SHIRT I BLACK,FRONT,BLACK,
210000004206,T SHIRT I BLACK,space instead of hyphen (T SHIRT),T-SHIRT I BLACK,FRONT,BLACK,
210000004209,T SHIRT I BLACK,space instead of hyphen (T SHIRT),T-SHIRT I BLACK,FRONT,BLACK,
210000004212,T SHIRT I BLACK,space instead of hyphen (T SHIRT),T-SHIRT I BLACK,FRONT,BLACK,
210000004215,T SHIRT I BLACK,space instead of hyphen (T SHIRT),T-SHIRT I BLACK,FRONT,BLACK,
210000004218,T SHIRT I RED,space instead of hyphen (T SHIRT),T-SHIRT I RED,FRONT,RED,
210000004220,T SHIRT I RED,space instead of hyphen (T SHIRT),T-SHIRT I RED,FRONT,RED,
210000004317,T SHIRT I RED,space instead of hyphen (T SHIRT),T-SHIRT I RED,FRONT,RED,
210000004318,T SHIRT I RED,space instead of hyphen (T SHIRT),T-SHIRT I RED,FRONT,RED,
210000004319,T SHIRT I RED,space instead of hyphen (T SHIRT),T-SHIRT I RED,FRONT,RED,
210000004320,T SHIRT I RED,space instead of hyphen (T SHIRT),T-SHIRT I RED,FRONT,RED,
210000004321,T SHIRT I RED,space instead of hyphen (T SHIRT),T-SHIRT I RED,FRONT,RED,
210000004322,T SHIRT I RED,space instead of hyphen (T SHIRT),T-SHIRT I RED,FRONT,RED,
210000004323,T SHIRT I RED,space instead of hyphen (T SHIRT),T-SHIRT I RED,FRONT,RED,
210000004324,T SHIRT I RED,space instead of hyphen (T SHIRT),T-SHIRT I RED,FRONT,RED,
210000004325,T SHIRT I RED,space instead of hyphen (T SHIRT),T-SHIRT I RED,FRONT,RED,
210000004326,T SHIRT I RED,space instead of hyphen (T SHIRT),T-SHIRT I RED,FRONT,RED,
210000004327,T SHIRT I RED,space instead of hyphen (T SHIRT),T-SHIRT I RED,FRONT,RED,
210000004328,T SHIRT I RED,space instead of hyphen (T SHIRT),T-SHIRT I RED,FRONT,RED,
210000004329,T SHIRT I RED,space instead of hyphen (T SHIRT),T-SHIRT I RED,FRONT,RED,
210000004330,T SHIRT I WHITE,space instead of hyphen (T SHIRT),T-SHIRT I WHITE,FRONT,WHITE,
210000004331,T SHIRT I WHITE,space instead of hyphen (T SHIRT),T-SHIRT I WHITE,FRONT,WHITE,
210000004332,T SHIRT I WHITE,space instead of hyphen (T SHIRT),T-SHIRT I WHITE,FRONT,WHITE,
210000004333,T SHIRT I WHITE,space instead of hyphen (T SHIRT),T-SHIRT I WHITE,FRONT,WHITE,
210000004334,T SHIRT I WHITE,space instead of hyphen (T SHIRT),T-SHIRT I WHITE,FRONT,WHITE,
210000004335,T SHIRT I WHITE,space instead of hyphen (T SHIRT),T-SHIRT I WHITE,FRONT,WHITE,
210000004336,T SHIRT I WHITE,space instead of hyphen (T SHIRT),T-SHIRT I WHITE,FRONT,WHITE,
210000004337,T SHIRT I WHITE,space instead of hyphen (T SHIRT),T-SHIRT I WHITE,FRONT,WHITE,
210000004338,T SHIRT I WHITE,space instead of hyphen (T SHIRT),T-SHIRT I WHITE,FRONT,WHITE,
210000004339,T SHIRT I WHITE,space instead of hyphen (T SHIRT),T-SHIRT I WHITE,FRONT,WHITE,
210000004340,T SHIRT I WHITE,space instead of hyphen (T SHIRT),T-SHIRT I WHITE,FRONT,WHITE,
210000004174,T SHIRT J BLACK,space instead of hyphen (T SHIRT),T-SHIRT J BLACK,FRONT,BLACK,
210000004176,T SHIRT J BLACK,space instead of hyphen (T SHIRT),T-SHIRT J BLACK,FRONT,BLACK,
210000004179,T SHIRT J BLACK,space instead of hyphen (T SHIRT),T-SHIRT J BLACK,FRONT,BLACK,
210000004181,T SHIRT J BLACK,space instead of hyphen (T SHIRT),T-SHIRT J BLACK,FRONT,BLACK,
210000004183,T SHIRT J BLACK,space instead of hyphen (T SHIRT),T-SHIRT J BLACK,FRONT,BLACK,
210000004186,T SHIRT J BLACK,space instead of hyphen (T SHIRT),T-SHIRT J BLACK,FRONT,BLACK,
210000004191,T SHIRT J BLACK,space instead of hyphen (T SHIRT),T-SHIRT J BLACK,FRONT,BLACK,
210000004194,T SHIRT J BLACK,space instead of hyphen (T SHIRT),T-SHIRT J BLACK,FRONT,BLACK,
210000004197,T SHIRT J BLACK,space instead of hyphen (T SHIRT),T-SHIRT J BLACK,FRONT,BLACK,
210000004201,T SHIRT J BLACK,space instead of hyphen (T SHIRT),T-SHIRT J BLACK,FRONT,BLACK,
210000004204,T SHIRT J BLACK,space instead of hyphen (T SHIRT),T-SHIRT J BLACK,FRONT,BLACK,
210000004208,T SHIRT J BLACK,space instead of hyphen (T SHIRT),T-SHIRT J BLACK,FRONT,BLACK,
210000004211,T SHIRT J BLACK,space instead of hyphen (T SHIRT),T-SHIRT J BLACK,FRONT,BLACK,
210000004341,T SHIRT J BLACK,space instead of hyphen (T SHIRT),T-SHIRT J BLACK,FRONT,BLACK,
210000004214,T SHIRT J WHITE,space instead of hyphen (T SHIRT),T-SHIRT J WHITE,FRONT,WHITE,
210000004217,T SHIRT J WHITE,space instead of hyphen (T SHIRT),T-SHIRT J WHITE,FRONT,WHITE,
210000004221,T SHIRT J WHITE,space instead of hyphen (T SHIRT),T-SHIRT J WHITE,FRONT,WHITE,
210000004224,T SHIRT J WHITE,space instead of hyphen (T SHIRT),T-SHIRT J WHITE,FRONT,WHITE,
210000004226,T SHIRT J WHITE,space instead of hyphen (T SHIRT),T-SHIRT J WHITE,FRONT,WHITE,
210000004228,T SHIRT J WHITE,space instead of hyphen (T SHIRT),T-SHIRT J WHITE,FRONT,WHITE,
210000004230,T SHIRT J WHITE,space instead of hyphen (T SHIRT),T-SHIRT J WHITE,FRONT,WHITE,
210000004233,T SHIRT J WHITE,space instead of hyphen (T SHIRT),T-SHIRT J WHITE,FRONT,WHITE,
210000004235,T SHIRT J WHITE,space instead of hyphen (T SHIRT),T-SHIRT J WHITE,FRONT,WHITE,
210000004237,T SHIRT J WHITE,space instead of hyphen (T SHIRT),T-SHIRT J WHITE,FRONT,WHITE,
210000004239,T SHIRT J WHITE,space instead of hyphen (T SHIRT),T-SHIRT J WHITE,FRONT,WHITE,
210000004241,T SHIRT J WHITE,space instead of hyphen (T SHIRT),T-SHIRT J WHITE,FRONT,WHITE,
210000004242,T SHIRT J WHITE,space instead of hyphen (T SHIRT),T-SHIRT J WHITE,FRONT,WHITE,
210000004243,T SHIRT J WHITE,space instead of hyphen (T SHIRT),T-SHIRT J WHITE,FRONT,WHITE,
210000004244,T SHIRT J WHITE,space instead of hyphen (T SHIRT),T-SHIRT J WHITE,FRONT,WHITE,
210000004245,T SHIRT J WHITE,space instead of hyphen (T SHIRT),T-SHIRT J WHITE,FRONT,WHITE,
210000004246,T SHIRT J WHITE,space instead of hyphen (T SHIRT),T-SHIRT J WHITE,FRONT,WHITE,
210000004247,T SHIRT J WHITE,space instead of hyphen (T SHIRT),T-SHIRT J WHITE,FRONT,WHITE,
210000004248,T SHIRT J WHITE,space instead of hyphen (T SHIRT),T-SHIRT J WHITE,FRONT,WHITE,
210000004249,T SHIRT J WHITE,space instead of hyphen (T SHIRT),T-SHIRT J WHITE,FRONT,WHITE,
210000004251,T SHIRT J WHITE,space instead of hyphen (T SHIRT),T-SHIRT J WHITE,FRONT,WHITE,
210000004253,T SHIRT K BLACK,space instead of hyphen (T SHIRT),T-SHIRT K BLACK,FRONT,BLACK,
210000004254,T SHIRT K BLACK,space instead of hyphen (T SHIRT),T-SHIRT K BLACK,FRONT,BLACK,
210000004256,T SHIRT K BLACK,space instead of hyphen (T SHIRT),T-SHIRT K BLACK,FRONT,BLACK,
210000004259,T SHIRT K BLACK,space instead of hyphen (T SHIRT),T-SHIRT K BLACK,FRONT,BLACK,
210000004262,T SHIRT K BLACK,space instead of hyphen (T SHIRT),T-SHIRT K BLACK,FRONT,BLACK,
210000004265,T SHIRT K BLACK,space instead of hyphen (T SHIRT),T-SHIRT K BLACK,FRONT,BLACK,
210000004268,T SHIRT K BLACK,space instead of hyphen (T SHIRT),T-SHIRT K BLACK,FRONT,BLACK,
210000004271,T SHIRT K PURPLE,space instead of hyphen (T SHIRT),T-SHIRT K PURPLE,FRONT,PURPLE,
210000004274,T SHIRT K WHITE,space instead of hyphen (T SHIRT),T-SHIRT K WHITE,FRONT,WHITE,
210000004276,T SHIRT K WHITE,space instead of hyphen (T SHIRT),T-SHIRT K WHITE,FRONT,WHITE,
210000004281,T SHIRT K WHITE,space instead of hyphen (T SHIRT),T-SHIRT K WHITE,FRONT,WHITE,
210000003937,T SHIRT N BLACK,space instead of hyphen (T SHIRT),T-SHIRT N BLACK,FRONT,BLACK,
210000003938,T SHIRT N BLACK,space instead of hyphen (T SHIRT),T-SHIRT N BLACK,FRONT,BLACK,
210000004283,T SHIRT N BLACK,space instead of hyphen (T SHIRT),T-SHIRT N BLACK,FRONT,BLACK,
210000004286,T SHIRT N BLACK,space instead of hyphen (T SHIRT),T-SHIRT N BLACK,FRONT,BLACK,
210000004289,T SHIRT N BLACK,space instead of hyphen (T SHIRT),T-SHIRT N BLACK,FRONT,BLACK,
210000004293,T SHIRT N BLACK,space instead of hyphen (T SHIRT),T-SHIRT N BLACK,FRONT,BLACK,
210000004296,T SHIRT N BLACK,space instead of hyphen (T SHIRT),T-SHIRT N BLACK,FRONT,BLACK,
210000003941,T SHIRT N WHITE,space instead of hyphen (T SHIRT),T-SHIRT N WHITE,FRONT,WHITE,
210000003944,T SHIRT N WHITE,space instead of hyphen (T SHIRT),T-SHIRT N WHITE,FRONT,WHITE,
210000003947,T SHIRT N WHITE,space instead of hyphen (T SHIRT),T-SHIRT N WHITE,FRONT,WHITE,
210000003950,T SHIRT N WHITE,space instead of hyphen (T SHIRT),T-SHIRT N WHITE,FRONT,WHITE,
210000003954,T SHIRT N WHITE,space instead of hyphen (T SHIRT),T-SHIRT N WHITE,FRONT,WHITE,
210000003957,T SHIRT N WHITE,space instead of hyphen (T SHIRT),T-SHIRT N WHITE,FRONT,WHITE,
210000003960,T SHIRT N WHITE,space instead of hyphen (T SHIRT),T-SHIRT N WHITE,FRONT,WHITE,
210000003962,T SHIRT N WHITE,space instead of hyphen (T SHIRT),T-SHIRT N WHITE,FRONT,WHITE,
210000003965,T SHIRT N WHITE,space instead of hyphen (T SHIRT),T-SHIRT N WHITE,FRONT,WHITE,
210000003968,T SHIRT N WHITE,space instead of hyphen (T SHIRT),T-SHIRT N WHITE,FRONT,WHITE,
210000003971,T SHIRT N WHITE,space instead of hyphen (T SHIRT),T-SHIRT N WHITE,FRONT,WHITE,
210000003974,T SHIRT N WHITE,space instead of hyphen (T SHIRT),T-SHIRT N WHITE,FRONT,WHITE,
210000003977,T SHIRT N WHITE,space instead of hyphen (T SHIRT),T-SHIRT N WHITE,FRONT,WHITE,
210000003978,T SHIRT N WHITE,space instead of hyphen (T SHIRT),T-SHIRT N WHITE,FRONT,WHITE,
210000003981,T SHIRT N WHITE,space instead of hyphen (T SHIRT),T-SHIRT N WHITE,FRONT,WHITE,
210000003984,T SHIRT O BLACK,space instead of hyphen (T SHIRT),T-SHIRT O BLACK,FRONT,BLACK,
210000003987,T SHIRT O BLACK,space instead of hyphen (T SHIRT),T-SHIRT O BLACK,FRONT,BLACK,
210000003990,T SHIRT O BLACK,space instead of hyphen (T SHIRT),T-SHIRT O BLACK,FRONT,BLACK,
210000003993,T SHIRT O WHITE,space instead of hyphen (T SHIRT),T-SHIRT O WHITE,FRONT,WHITE,
210000003995,T SHIRT O WHITE,space instead of hyphen (T SHIRT),T-SHIRT O WHITE,FRONT,WHITE,
210000003997,T SHIRT P BLACK,space instead of hyphen (T SHIRT),T-SHIRT P BLACK,FRONT,BLACK,
210000003998,T SHIRT P BLACK,space instead of hyphen (T SHIRT),T-SHIRT P BLACK,FRONT,BLACK,
210000004000,T SHIRT P BLACK,space instead of hyphen (T SHIRT),T-SHIRT P BLACK,FRONT,BLACK,
210000004011,T SHIRT P BLACK,space instead of hyphen (T SHIRT),T-SHIRT P BLACK,FRONT,BLACK,
210000004014,T SHIRT P BLACK,space instead of hyphen (T SHIRT),T-SHIRT P BLACK,FRONT,BLACK,
210000004017,T SHIRT P BLACK,space instead of hyphen (T SHIRT),T-SHIRT P BLACK,FRONT,BLACK,
210000004020,T SHIRT P WHITE,space instead of hyphen (T SHIRT),T-SHIRT P WHITE,FRONT,WHITE,
210000004023,T SHIRT P WHITE,space instead of hyphen (T SHIRT),T-SHIRT P WHITE,FRONT,WHITE,
210000004026,T SHIRT P WHITE,space instead of hyphen (T SHIRT),T-SHIRT P WHITE,FRONT,WHITE,
210000004029,T SHIRT P WHITE,space instead of hyphen (T SHIRT),T-SHIRT P WHITE,FRONT,WHITE,
210000004032,T SHIRT P WHITE,space instead of hyphen (T SHIRT),T-SHIRT P WHITE,FRONT,WHITE,
210000004035,T SHIRT P WHITE,space instead of hyphen (T SHIRT),T-SHIRT P WHITE,FRONT,WHITE,
210000004038,T SHIRT P WHITE,space instead of hyphen (T SHIRT),T-SHIRT P WHITE,FRONT,WHITE,
210000004041,T SHIRT P WHITE,space instead of hyphen (T SHIRT),T-SHIRT P WHITE,FRONT,WHITE,
210000004045,T SHIRT P WHITE,space instead of hyphen (T SHIRT),T-SHIRT P WHITE,FRONT,WHITE,
210000004048,T SHIRT Q BLACK,space instead of hyphen (T SHIRT),T-SHIRT Q BLACK,FRONT,BLACK,
210000004051,T SHIRT Q BLACK,space instead of hyphen (T SHIRT),T-SHIRT Q BLACK,FRONT,BLACK,
210000004055,T SHIRT Q BLACK,space instead of hyphen (T SHIRT),T-SHIRT Q BLACK,FRONT,BLACK,
210000004057,T SHIRT Q BLACK,space instead of hyphen (T SHIRT),T-SHIRT Q BLACK,FRONT,BLACK,
210000004060,T SHIRT Q BLACK,space instead of hyphen (T SHIRT),T-SHIRT Q BLACK,FRONT,BLACK,
210000004063,T SHIRT Q BLACK,space instead of hyphen (T SHIRT),T-SHIRT Q BLACK,FRONT,BLACK,
210000004066,T SHIRT Q BLACK,space instead of hyphen (T SHIRT),T-SHIRT Q BLACK,FRONT,BLACK,
210000004070,T SHIRT Q BLACK,space instead of hyphen (T SHIRT),T-SHIRT Q BLACK,FRONT,BLACK,
210000004072,T SHIRT Q BLACK,space instead of hyphen (T SHIRT),T-SHIRT Q BLACK,FRONT,BLACK,
210000004074,T SHIRT Q BLACK,space instead of hyphen (T SHIRT),T-SHIRT Q BLACK,FRONT,BLACK,
210000004075,T SHIRT Q BLACK,space instead of hyphen (T SHIRT),T-SHIRT Q BLACK,FRONT,BLACK,
210000004076,T SHIRT Q BLACK,space instead of hyphen (T SHIRT),T-SHIRT Q BLACK,FRONT,BLACK,
210000004077,T SHIRT Q KHAKI,space instead of hyphen (T SHIRT),T-SHIRT Q KHAKI,FRONT,KHAKI,
210000004258,T SHIRT Q KHAKI,space instead of hyphen (T SHIRT),T-SHIRT Q KHAKI,FRONT,KHAKI,
210000004261,T SHIRT Q KHAKI,space instead of hyphen (T SHIRT),T-SHIRT Q KHAKI,FRONT,KHAKI,
210000004264,T SHIRT Q KHAKI,space instead of hyphen (T SHIRT),T-SHIRT Q KHAKI,FRONT,KHAKI,
210000004266,T SHIRT Q KHAKI,space instead of hyphen (T SHIRT),T-SHIRT Q KHAKI,FRONT,KHAKI,
210000004269,T SHIRT Q PURPLE,space instead of hyphen (T SHIRT),T-SHIRT Q PURPLE,FRONT,PURPLE,
210000004272,T SHIRT R BLACK,space instead of hyphen (T SHIRT),T-SHIRT R BLACK,FRONT,BLACK,
210000004275,T SHIRT R BLACK,space instead of hyphen (T SHIRT),T-SHIRT R BLACK,FRONT,BLACK,
210000004278,T SHIRT R BLACK,space instead of hyphen (T SHIRT),T-SHIRT R BLACK,FRONT,BLACK,
210000004279,T SHIRT R BLACK,space instead of hyphen (T SHIRT),T-SHIRT R BLACK,FRONT,BLACK,
210000004282,T SHIRT R BLACK,space instead of hyphen (T SHIRT),T-SHIRT R BLACK,FRONT,BLACK,
210000004285,T SHIRT R BLACK,space instead of hyphen (T SHIRT),T-SHIRT R BLACK,FRONT,BLACK,
210000004288,T SHIRT R BLACK,space instead of hyphen (T SHIRT),T-SHIRT R BLACK,FRONT,BLACK,
210000004291,T SHIRT R BLACK,space instead of hyphen (T SHIRT),T-SHIRT R BLACK,FRONT,BLACK,
210000004292,T SHIRT R BLACK,space instead of hyphen (T SHIRT),T-SHIRT R BLACK,FRONT,BLACK,
210000004295,T SHIRT R BLACK,space instead of hyphen (T SHIRT),T-SHIRT R BLACK,FRONT,BLACK,
210000004298,T SHIRT R BLACK,space instead of hyphen (T SHIRT),T-SHIRT R BLACK,FRONT,BLACK,
210000004300,T SHIRT R BLACK,space instead of hyphen (T SHIRT),T-SHIRT R BLACK,FRONT,BLACK,
210000004301,T SHIRT R BLACK,space instead of hyphen (T SHIRT),T-SHIRT R BLACK,FRONT,BLACK,
210000004250,T SHIRT R MINK,space instead of hyphen (T SHIRT),T-SHIRT R MINK,FRONT,MINK,'MINK' as color
210000004252,T SHIRT R MINK,space instead of hyphen (T SHIRT),T-SHIRT R MINK,FRONT,MINK,'MINK' as color
210000004255,T SHIRT R MINK,space instead of hyphen (T SHIRT),T-SHIRT R MINK,FRONT,MINK,'MINK' as color
210000004257,T SHIRT R MINK,space instead of hyphen (T SHIRT),T-SHIRT R MINK,FRONT,MINK,'MINK' as color
210000004260,T SHIRT R MINK,space instead of hyphen (T SHIRT),T-SHIRT R MINK,FRONT,MINK,'MINK' as color
210000004263,T SHIRT R MINK,space instead of hyphen (T SHIRT),T-SHIRT R MINK,FRONT,MINK,'MINK' as color
210000004267,T SHIRT R MINK,space instead of hyphen (T SHIRT),T-SHIRT R MINK,FRONT,MINK,'MINK' as color
210000004270,T SHIRT R MINK,space instead of hyphen (T SHIRT),T-SHIRT R MINK,FRONT,MINK,'MINK' as color
210000004273,T SHIRT R MINK,space instead of hyphen (T SHIRT),T-SHIRT R MINK,FRONT,MINK,'MINK' as color
210000004303,T SHIRT R MINK,space instead of hyphen (T SHIRT),T-SHIRT R MINK,FRONT,MINK,'MINK' as color
210000004305,T SHIRT R MINK,space instead of hyphen (T SHIRT),T-SHIRT R MINK,FRONT,MINK,'MINK' as color
210000004307,T SHIRT R MINK,space instead of hyphen (T SHIRT),T-SHIRT R MINK,FRONT,MINK,'MINK' as color
210000004309,T SHIRT R MINK,space instead of hyphen (T SHIRT),T-SHIRT R MINK,FRONT,MINK,'MINK' as color
210000004310,T SHIRT R MINK,space instead of hyphen (T SHIRT),T-SHIRT R MINK,FRONT,MINK,'MINK' as color
210000004312,T SHIRT R MINK,space instead of hyphen (T SHIRT),T-SHIRT R MINK,FRONT,MINK,'MINK' as color
210000004314,T SHIRT R MINK,space instead of hyphen (T SHIRT),T-SHIRT R MINK,FRONT,MINK,'MINK' as color
210000004277,T SHIRT R WHITE,space instead of hyphen (T SHIRT),T-SHIRT R WHITE,FRONT,WHITE,
210000004280,T SHIRT R WHITE,space instead of hyphen (T SHIRT),T-SHIRT R WHITE,FRONT,WHITE,
210000004284,T SHIRT S BLACK,space instead of hyphen (T SHIRT),T-SHIRT S BLACK,FRONT,BLACK,
210000004287,T SHIRT S BLACK,space instead of hyphen (T SHIRT),T-SHIRT S BLACK,FRONT,BLACK,
210000004290,T SHIRT S BLACK,space instead of hyphen (T SHIRT),T-SHIRT S BLACK,FRONT,BLACK,
210000004294,T SHIRT S BLACK,space instead of hyphen (T SHIRT),T-SHIRT S BLACK,FRONT,BLACK,
210000004297,T SHIRT S BLACK,space instead of hyphen (T SHIRT),T-SHIRT S BLACK,FRONT,BLACK,
210000004299,T SHIRT S BLACK,space instead of hyphen (T SHIRT),T-SHIRT S BLACK,FRONT,BLACK,
210000004302,T SHIRT S BLACK,space instead of hyphen (T SHIRT),T-SHIRT S BLACK,FRONT,BLACK,
210000004304,T SHIRT S BLACK,space instead of hyphen (T SHIRT),T-SHIRT S BLACK,FRONT,BLACK,
210000004153,T SHIRT S KHAKI,space instead of hyphen (T SHIRT),T-SHIRT S KHAKI,FRONT,KHAKI,
210000004306,T SHIRT S KHAKI,space instead of hyphen (T SHIRT),T-SHIRT S KHAKI,FRONT,KHAKI,
210000004308,T SHIRT S KHAKI,space instead of hyphen (T SHIRT),T-SHIRT S KHAKI,FRONT,KHAKI,
210000004311,T SHIRT S KHAKI,space instead of hyphen (T SHIRT),T-SHIRT S KHAKI,FRONT,KHAKI,
210000004313,T SHIRT S KHAKI,space instead of hyphen (T SHIRT),T-SHIRT S KHAKI,FRONT,KHAKI,
210000004315,T SHIRT S KHAKI,space instead of hyphen (T SHIRT),T-SHIRT S KHAKI,FRONT,KHAKI,
210000004316,T SHIRT S KHAKI,space instead of hyphen (T SHIRT),T-SHIRT S KHAKI,FRONT,KHAKI,
210000004154,T SHIRT U BLACK,space instead of hyphen (T SHIRT),T-SHIRT U BLACK,FRONT,BLACK,
210000004155,T SHIRT U BLACK,space instead of hyphen (T SHIRT),T-SHIRT U BLACK,FRONT,BLACK,
210000004156,T SHIRT U BLACK,space instead of hyphen (T SHIRT),T-SHIRT U BLACK,FRONT,BLACK,
210000004157,T SHIRT U BLACK,space instead of hyphen (T SHIRT),T-SHIRT U BLACK,FRONT,BLACK,
210000004158,T SHIRT U BLACK,space instead of hyphen (T SHIRT),T-SHIRT U BLACK,FRONT,BLACK,
210000004159,T SHIRT U BLACK,space instead of hyphen (T SHIRT),T-SHIRT U BLACK,FRONT,BLACK,
210000004160,T SHIRT U BLACK,space instead of hyphen (T SHIRT),T-SHIRT U BLACK,FRONT,BLACK,
210000004162,T SHIRT U BLACK,space instead of hyphen (T SHIRT),T-SHIRT U BLACK,FRONT,BLACK,
210000004164,T SHIRT U BLACK,space instead of hyphen (T SHIRT),T-SHIRT U BLACK,FRONT,BLACK,
210000004166,T SHIRT U BLACK,space instead of hyphen (T SHIRT),T-SHIRT U BLACK,FRONT,BLACK,
210000004168,T SHIRT U BLACK,space instead of hyphen (T SHIRT),T-SHIRT U BLACK,FRONT,BLACK,
210000004170,T SHIRT U BLACK,space instead of hyphen (T SHIRT),T-SHIRT U BLACK,FRONT,BLACK,
210000004172,T SHIRT U BLACK,space instead of hyphen (T SHIRT),T-SHIRT U BLACK,FRONT,BLACK,
