locale,id,path,target
"es","gid://shopify/UrlRedirect/490951999740","/es/products/halter-mini-dress","/es/collections/all"
"es","gid://shopify/UrlRedirect/490952163580","/es/products/kaden-denim-shorts","/es/collections/all"
"es","gid://shopify/UrlRedirect/490952229116","/es/products/thank-you-pants-set","/es/collections/all"
"es","gid://shopify/UrlRedirect/490952294652","/es/products/l-a-shirt","/es/collections/all"
"es","gid://shopify/UrlRedirect/490952491260","/es/products/owen-denim-shorts-1","/es/collections/all"
"es","gid://shopify/UrlRedirect/490952556796","/es/products/wilder-jeans","/es/collections/all"
"es","gid://shopify/UrlRedirect/490952917244","/es/products/t-shirt-y","/es/collections/all"
"es","gid://shopify/UrlRedirect/490952950012","/es/products/heels-b","/es/collections/all"
"es","gid://shopify/UrlRedirect/490953113852","/es/products/lily-jacket-set","/es/collections/all"
"es","gid://shopify/UrlRedirect/490953572604","/es/products/freya-pants-set","/es/collections/all"
"es","gid://shopify/UrlRedirect/490953605372","/es/products/more-love-t-shirt","/es/collections/all"
"es","gid://shopify/UrlRedirect/490954129660","/es/products/eyes-top-set","/es/collections/all"
"es","gid://shopify/UrlRedirect/490954260732","/es/products/california-top","/es/collections/all"
"es","gid://shopify/UrlRedirect/490955571452","/es/products/anya-bodysuit","/es/collections/all"
"es","gid://shopify/UrlRedirect/490955636988","/es/products/nick-t-shirt-set","/es/collections/all"
"es","gid://shopify/UrlRedirect/490955833596","/es/products/brave-t-shirt","/es/collections/all"
"es","gid://shopify/UrlRedirect/490955964668","/es/products/cindy-bodysuit","/es/collections/all"
"es","gid://shopify/UrlRedirect/490956292348","/es/products/helen-pants-set","/es/collections/all"
"es","gid://shopify/UrlRedirect/490956423420","/es/products/beaded-bracelet-b","/es/collections/all"
"es","gid://shopify/UrlRedirect/490956456188","/es/products/kaia-jeans-1","/es/collections/all"
"es","gid://shopify/UrlRedirect/490956554492","/es/products/dreamin-top-set","/es/collections/all"
"es","gid://shopify/UrlRedirect/490956882172","/es/products/rabbit-shirt","/es/collections/all"
"es","gid://shopify/UrlRedirect/490957046012","/es/products/broken-heart-shirt","/es/collections/all"
"es","gid://shopify/UrlRedirect/490957209852","/es/products/magnifique-tee","/es/collections/all"
"es","gid://shopify/UrlRedirect/490957242620","/es/products/nikita-dress","/es/collections/all"
"es","gid://shopify/UrlRedirect/490957373692","/es/products/chase-jeans","/es/collections/all"
"es","gid://shopify/UrlRedirect/490957439228","/es/products/kimber-denim-skirt","/es/collections/all"
"es","gid://shopify/UrlRedirect/490957504764","/es/products/mason-jeans","/es/collections/all"
"es","gid://shopify/UrlRedirect/490957668604","/es/products/eliza-dress","/es/collections/all"
"es","gid://shopify/UrlRedirect/490957832444","/es/products/maxine-shorts","/es/collections/all"
"es","gid://shopify/UrlRedirect/490957963516","/es/products/interested-shirt","/es/collections/all"
"es","gid://shopify/UrlRedirect/490958225660","/es/products/c-top","/es/collections/all"
"es","gid://shopify/UrlRedirect/490958782716","/es/products/kase-jeans","/es/collections/all"
"es","gid://shopify/UrlRedirect/490958815484","/es/products/cathy-dress","/es/collections/all"
"es","gid://shopify/UrlRedirect/490958881020","/es/products/jolene-pants-set","/es/collections/all"
"es","gid://shopify/UrlRedirect/490959864060","/es/products/elementi-cologne-fresh-citrus-woody-signature-scent-48","/es/collections/all"
"es","gid://shopify/UrlRedirect/490960224508","/es/products/bronze-link-statement-bracelet-streetwear-wrist-flex-23","/es/collections/all"
"es","gid://shopify/UrlRedirect/490960650492","/es/products/philip-puffer-coat","/es/collections/all"
"es","gid://shopify/UrlRedirect/490960683260","/es/products/star-pants","/es/collections/all"
"es","gid://shopify/UrlRedirect/490960879868","/es/products/2-pieces-ann-set","/es/collections/all"
"es","gid://shopify/UrlRedirect/490961043708","/es/products/asher-shirt-set-streetwear-vibe-1f","/es/collections/all"
"es","gid://shopify/UrlRedirect/490961535228","/es/products/natalie-top-set","/es/collections/all"
"es","gid://shopify/UrlRedirect/490961928444","/es/products/christopher-shirt","/es/collections/all"
"es","gid://shopify/UrlRedirect/490961993980","/es/products/andy-jeans","/es/collections/all"
"es","gid://shopify/UrlRedirect/490962157820","/es/products/sunglasses-b","/es/collections/all"
"es","gid://shopify/UrlRedirect/490962288892","/es/products/lucas-t-shirt","/es/collections/all"
"es","gid://shopify/UrlRedirect/490962354428","/es/products/dream-shorts-set","/es/collections/all"
"es","gid://shopify/UrlRedirect/490962452732","/es/products/leonardo-swimwear","/es/collections/all"
"es","gid://shopify/UrlRedirect/490962551036","/es/products/maxi-leopard-dress","/es/collections/all"
"es","gid://shopify/UrlRedirect/490962878716","/es/products/goldie-wide-belt","/es/collections/all"
"es","gid://shopify/UrlRedirect/490962911484","/es/products/nina-jacket-set","/es/collections/all"
"es","gid://shopify/UrlRedirect/490962944252","/es/products/brave-and-wild-top-set","/es/collections/all"
"es","gid://shopify/UrlRedirect/490963009788","/es/products/live-the-moment-pants","/es/collections/all"
"es","gid://shopify/UrlRedirect/490963075324","/es/products/eyes-pants-set","/es/collections/all"
"es","gid://shopify/UrlRedirect/490963239164","/es/products/element-t-shirt","/es/collections/all"
"es","gid://shopify/UrlRedirect/490963304700","/es/products/mara-short-legging","/es/collections/all"
"es","gid://shopify/UrlRedirect/490963632380","/es/products/fill-in-the-blank-t-shirt","/es/collections/all"
"es","gid://shopify/UrlRedirect/490966024444","/es/products/trust-yourself-hoodie","/es/collections/all"
"es","gid://shopify/UrlRedirect/490966778108","/es/products/aleena-knot-t-shirt","/es/collections/all"
"es","gid://shopify/UrlRedirect/490969825532","/es/products/matte-black-beaded-bracelet-stackable-36","/es/collections/all"
"es","gid://shopify/UrlRedirect/490972938492","/es/products/jim-light-blue-slim-fit-jeans-ae","/es/collections/all"
"es","gid://shopify/UrlRedirect/490981130492","/es/products/matte-black-beaded-bracelet-v-urban-stackable-79","/es/collections/all"
"es","gid://shopify/UrlRedirect/490982506748","/es/products/gold-initial-g-pendant-necklace-51","/es/collections/all"
"de","gid://shopify/UrlRedirect/490952065276","/de/products/juliet-jacket","/de/collections/all"
"de","gid://shopify/UrlRedirect/490952327420","/de/products/champs-top","/de/collections/all"
"de","gid://shopify/UrlRedirect/490952720636","/de/products/c-top","/de/collections/all"
"de","gid://shopify/UrlRedirect/490952753404","/de/products/carly-chain-shorts","/de/collections/all"
"de","gid://shopify/UrlRedirect/490952818940","/de/products/tristan-jeans","/de/collections/all"
"de","gid://shopify/UrlRedirect/490953081084","/de/products/i-am-hoodie","/de/collections/all"
"de","gid://shopify/UrlRedirect/490953146620","/de/products/adrian-cargo-pants","/de/collections/all"
"de","gid://shopify/UrlRedirect/490953244924","/de/products/mens-jeans-bf","/de/collections/all"
"de","gid://shopify/UrlRedirect/490953310460","/de/products/coaching-t-shirt","/de/collections/all"
"de","gid://shopify/UrlRedirect/490953408764","/de/products/paula-wide-belt","/de/collections/all"
"de","gid://shopify/UrlRedirect/490953900284","/de/products/rose-romper","/de/collections/all"
"de","gid://shopify/UrlRedirect/490955505916","/de/products/camille-double-pleated-trouser","/de/collections/all"
"de","gid://shopify/UrlRedirect/490955538684","/de/products/shoes-af","/de/collections/all"
"de","gid://shopify/UrlRedirect/490955604220","/de/products/tv-shirt","/de/collections/all"
"de","gid://shopify/UrlRedirect/490955702524","/de/products/spyder-hoodie","/de/collections/all"
"de","gid://shopify/UrlRedirect/490955800828","/de/products/mara-crop-tank","/de/collections/all"
"de","gid://shopify/UrlRedirect/490955899132","/de/products/magnifique-tee","/de/collections/all"
"de","gid://shopify/UrlRedirect/490955931900","/de/products/colin-evening-pants-1","/de/collections/all"
"de","gid://shopify/UrlRedirect/490956161276","/de/products/tom-denim-shirt","/de/collections/all"
"de","gid://shopify/UrlRedirect/490956259580","/de/products/levi-top-set","/de/collections/all"
"de","gid://shopify/UrlRedirect/490956325116","/de/products/relax-shirt","/de/collections/all"
"de","gid://shopify/UrlRedirect/490956488956","/de/products/gary-cargo-pants","/de/collections/all"
"de","gid://shopify/UrlRedirect/490956587260","/de/products/trendy-essentials-drop-favorite-fit-0c","/de/collections/all"
"de","gid://shopify/UrlRedirect/490956620028","/de/products/manhattan-top","/de/collections/all"
"de","gid://shopify/UrlRedirect/490956652796","/de/products/demi-ribbed-tank","/de/collections/all"
"de","gid://shopify/UrlRedirect/490956685564","/de/products/griffin-jeans-1","/de/collections/all"
"de","gid://shopify/UrlRedirect/490956751100","/de/products/bracelet-e","/de/collections/all"
"de","gid://shopify/UrlRedirect/490956783868","/de/products/archer-overall","/de/collections/all"
"de","gid://shopify/UrlRedirect/490957013244","/de/products/midi-dress","/de/collections/all"
"de","gid://shopify/UrlRedirect/490957144316","/de/products/grant-cargo-jogger","/de/collections/all"
"de","gid://shopify/UrlRedirect/490957340924","/de/products/jude-denim-shorts","/de/collections/all"
"de","gid://shopify/UrlRedirect/490957406460","/de/products/finnley-jeans","/de/collections/all"
"de","gid://shopify/UrlRedirect/490957603068","/de/products/womens-long-denim-jeans-f","/de/collections/all"
"de","gid://shopify/UrlRedirect/490958029052","/de/products/matte-black-8mm-beaded-bracelet-streetwear-flex-53","/de/collections/all"
"de","gid://shopify/UrlRedirect/490958061820","/de/products/josh-two-piece-shorts-set-streetwear-4d","/de/collections/all"
"de","gid://shopify/UrlRedirect/490958291196","/de/products/elliott-jeans-1","/de/collections/all"
"de","gid://shopify/UrlRedirect/490958651644","/de/products/cassidy-jeans","/de/collections/all"
"de","gid://shopify/UrlRedirect/490958684412","/de/products/clan-pants-set","/de/collections/all"
"de","gid://shopify/UrlRedirect/490958979324","/de/products/fran-top","/de/collections/all"
"de","gid://shopify/UrlRedirect/490959044860","/de/products/aylin-jeans","/de/collections/all"
"de","gid://shopify/UrlRedirect/490960847100","/de/products/clan-top-set","/de/collections/all"
"de","gid://shopify/UrlRedirect/490961338620","/de/products/webtip-trendy-denim-accessory-40","/de/collections/all"
"de","gid://shopify/UrlRedirect/490961371388","/de/products/matte-black-beaded-bracelet-wrist-flex-76","/de/collections/all"
"de","gid://shopify/UrlRedirect/490962419964","/de/products/colt-jeans","/de/collections/all"
"de","gid://shopify/UrlRedirect/490962649340","/de/products/chloe-dress","/de/collections/all"
"de","gid://shopify/UrlRedirect/490962845948","/de/products/shorts-suit-set-bottom-a-42343613","/de/collections/all"
"de","gid://shopify/UrlRedirect/490963108092","/de/products/orlando-crop-top","/de/collections/all"
"de","gid://shopify/UrlRedirect/490963173628","/de/products/luka-jeans","/de/collections/all"
"de","gid://shopify/UrlRedirect/490963370236","/de/products/jada-skirt","/de/collections/all"
"de","gid://shopify/UrlRedirect/490963599612","/de/collections/vendors","/de/collections/all"
"de","gid://shopify/UrlRedirect/490963697916","/de/products/womens-long-denim-jeans-e","/de/collections/all"
"de","gid://shopify/UrlRedirect/490964254972","/de/products/mila-sunglasses","/de/collections/all"
"de","gid://shopify/UrlRedirect/490968187132","/de/products/monalisa-t-shirt","/de/collections/all"
"de","gid://shopify/UrlRedirect/490969956604","/de/products/silver-beaded-stackable-bracelet-minimalist-d7","/de/collections/all"
"de","gid://shopify/UrlRedirect/490971169020","/de/products/black-matte-beaded-bracelet-minimalist-stack-cd","/de/collections/all"
"de","gid://shopify/UrlRedirect/490972414204","/de/products/miles-top","/de/collections/all"
"de","gid://shopify/UrlRedirect/490980507900","/de/products/elora-bodysuit","/de/collections/all"
"pt","gid://shopify/UrlRedirect/490951901436","/pt/products/gemma-jeans-1","/pt/collections/all"
"pt","gid://shopify/UrlRedirect/490952130812","/pt/products/isla-knit-black-os","/pt/collections/all"
"pt","gid://shopify/UrlRedirect/490952425724","/pt/products/sunglasses-c","/pt/collections/all"
"pt","gid://shopify/UrlRedirect/490952524028","/pt/products/rowan-jeans-1","/pt/collections/all"
"pt","gid://shopify/UrlRedirect/490952687868","/pt/products/chase-jeans","/pt/collections/all"
"pt","gid://shopify/UrlRedirect/490952786172","/pt/products/nova-denim-jacket","/pt/collections/all"
"pt","gid://shopify/UrlRedirect/490952851708","/pt/products/luna-top","/pt/collections/all"
"pt","gid://shopify/UrlRedirect/490952982780","/pt/products/enjoy-life-hoodie","/pt/collections/all"
"pt","gid://shopify/UrlRedirect/490953015548","/pt/products/alo-top-set","/pt/collections/all"
"pt","gid://shopify/UrlRedirect/490953048316","/pt/products/v-waist-biker-shorts","/pt/collections/all"
"pt","gid://shopify/UrlRedirect/490953179388","/pt/products/cyrus-denim-shorts","/pt/collections/all"
"pt","gid://shopify/UrlRedirect/490953212156","/pt/products/make-it-happen-t-shirt","/pt/collections/all"
"pt","gid://shopify/UrlRedirect/490953343228","/pt/products/elliott-jeans-1","/pt/collections/all"
"pt","gid://shopify/UrlRedirect/490953736444","/pt/products/marco-jeans","/pt/collections/all"
"pt","gid://shopify/UrlRedirect/490953801980","/pt/products/owen-denim-shorts-1","/pt/collections/all"
"pt","gid://shopify/UrlRedirect/490954424572","/pt/products/rafael-jeans","/pt/collections/all"
"pt","gid://shopify/UrlRedirect/490955735292","/pt/products/sunglasses-a","/pt/collections/all"
"pt","gid://shopify/UrlRedirect/490955768060","/pt/products/daniel-pants","/pt/collections/all"
"pt","gid://shopify/UrlRedirect/490955866364","/pt/products/smile-more-hoodie","/pt/collections/all"
"pt","gid://shopify/UrlRedirect/490956357884","/pt/products/freya-pants-set-1","/pt/collections/all"
"pt","gid://shopify/UrlRedirect/490956816636","/pt/products/gemma-jeans-2","/pt/collections/all"
"pt","gid://shopify/UrlRedirect/490956980476","/pt/products/talk-top","/pt/collections/all"
"pt","gid://shopify/UrlRedirect/490957996284","/pt/products/interested-shirt","/pt/collections/all"
"pt","gid://shopify/UrlRedirect/490958094588","/pt/products/weston-jeans","/pt/collections/all"
"pt","gid://shopify/UrlRedirect/490958520572","/pt/products/cut-out-dress","/pt/collections/all"
"pt","gid://shopify/UrlRedirect/490958946556","/pt/products/active-girl-t-shirt","/pt/collections/all"
"pt","gid://shopify/UrlRedirect/490959339772","/pt/products/avery-retro-square-sunglasses-8f","/pt/collections/all"
"pt","gid://shopify/UrlRedirect/490959732988","/pt/products/matte-black-beaded-bracelet-stackable-streetwear-2c","/pt/collections/all"
"pt","gid://shopify/UrlRedirect/490960158972","/pt/products/ribbed-crew-dress-socks-51","/pt/collections/all"
"pt","gid://shopify/UrlRedirect/490960552188","/pt/products/matte-black-beaded-bracelet-streetwear-ootd-d3","/pt/collections/all"
"pt","gid://shopify/UrlRedirect/490960912636","/pt/products/alexia-top","/pt/collections/all"
"pt","gid://shopify/UrlRedirect/490961010940","/pt/products/my-rules-t-shirt","/pt/collections/all"
"pt","gid://shopify/UrlRedirect/490961142012","/pt/products/fern-dress","/pt/collections/all"
"pt","gid://shopify/UrlRedirect/490961240316","/pt/products/dylan-cream-tapered-pants-streetwear-eb","/pt/collections/all"
"pt","gid://shopify/UrlRedirect/490961404156","/pt/products/florida-crop-top","/pt/collections/all"
"pt","gid://shopify/UrlRedirect/490961436924","/pt/products/anklet-c","/pt/collections/all"
"pt","gid://shopify/UrlRedirect/490962485500","/pt/products/one-shoulder-dress","/pt/collections/all"
"pt","gid://shopify/UrlRedirect/490962714876","/pt/products/dax-jeans","/pt/collections/all"
"pt","gid://shopify/UrlRedirect/490962747644","/pt/products/cassidy-jeans","/pt/collections/all"
"pt","gid://shopify/UrlRedirect/490962813180","/pt/products/new-york-t-shirt","/pt/collections/all"
"pt","gid://shopify/UrlRedirect/490963206396","/pt/products/stringer-pride-tank-top","/pt/collections/all"
"pt","gid://shopify/UrlRedirect/490963337468","/pt/products/texture-top-1","/pt/collections/all"
"pt","gid://shopify/UrlRedirect/490963665148","/pt/products/live-the-moment-pants","/pt/collections/all"
"pt","gid://shopify/UrlRedirect/490967924988","/pt/products/trace-t-shirt","/pt/collections/all"
"pt","gid://shopify/UrlRedirect/490968088828","/pt/products/matte-black-beaded-bracelet-8d","/pt/collections/all"
"pt","gid://shopify/UrlRedirect/490968121596","/pt/products/matte-black-beaded-bracelet-v-urban-stackable-79","/pt/collections/all"
"pt","gid://shopify/UrlRedirect/490969858300","/pt/products/ribbed-quarter-crew-socks-streetwear-24","/pt/collections/all"
"pt","gid://shopify/UrlRedirect/490970317052","/pt/products/benjamin-pants","/pt/collections/all"
"pt","gid://shopify/UrlRedirect/490970644732","/pt/products/2-pieces-ann-set","/pt/collections/all"
"pt","gid://shopify/UrlRedirect/490975461628","/pt/products/retro-square-sunglasses-main-character-energy-b6","/pt/collections/all"
"pt","gid://shopify/UrlRedirect/490980638972","/pt/products/if-you-want-t-shirt","/pt/collections/all"
"pt","gid://shopify/UrlRedirect/490981949692","/pt/products/gold-initial-g-pendant-necklace-51","/pt/collections/all"
"pt","gid://shopify/UrlRedirect/490982703356","/pt/products/beige-braided-rope-bracelet-minimalist-vibe-d8","/pt/collections/all"
"pt","gid://shopify/UrlRedirect/490984767740","/pt/products/star-pants","/pt/collections/all"
"ar","gid://shopify/UrlRedirect/490951868668","/ar/products/retro-o-frame-sunglasses-streetwear-vibe-4d","/ar/collections/all"
"ar","gid://shopify/UrlRedirect/490952098044","/ar/products/dennis-jacket","/ar/collections/all"
"ar","gid://shopify/UrlRedirect/490953638140","/ar/products/fiona-pants-set","/ar/collections/all"
"ar","gid://shopify/UrlRedirect/490954195196","/ar/products/rabbit-shirt","/ar/collections/all"
"ar","gid://shopify/UrlRedirect/490954522876","/ar/products/leon-jeans","/ar/collections/all"
"ar","gid://shopify/UrlRedirect/490954686716","/ar/products/memories-t-shirt","/ar/collections/all"
"ar","gid://shopify/UrlRedirect/490954981628","/ar/products/kaden-denim-shorts","/ar/collections/all"
"ar","gid://shopify/UrlRedirect/490955440380","/ar/products/jolene-top-set","/ar/collections/all"
"ar","gid://shopify/UrlRedirect/490957111548","/ar/products/wayne-overall","/ar/collections/all"
"ar","gid://shopify/UrlRedirect/490959405308","/ar/products/andy-jeans","/ar/collections/all"
"ar","gid://shopify/UrlRedirect/490960584956","/ar/products/ivory-top","/ar/collections/all"
"ar","gid://shopify/UrlRedirect/490961207548","/ar/products/matte-black-beaded-bracelet-midnight-stack-28","/ar/collections/all"
"ar","gid://shopify/UrlRedirect/490961797372","/ar/products/confidential-shirt","/ar/collections/all"
"ar","gid://shopify/UrlRedirect/490961862908","/ar/products/one-shoulder-sweatshirt","/ar/collections/all"
"ar","gid://shopify/UrlRedirect/490962190588","/ar/products/vera-shorts","/ar/collections/all"
"ar","gid://shopify/UrlRedirect/490962518268","/ar/products/cathy-dress","/ar/collections/all"
"ar","gid://shopify/UrlRedirect/490962977020","/ar/products/eyes-top-set","/ar/collections/all"
"ar","gid://shopify/UrlRedirect/490963894524","/ar/products/mia-retro-round-sunglasses-da","/ar/collections/all"
"ar","gid://shopify/UrlRedirect/490963927292","/ar/products/drawstring-sweat-shorts","/ar/collections/all"
"ar","gid://shopify/UrlRedirect/490964320508","/ar/products/matte-black-marble-stone-beaded-bracelet-86","/ar/collections/all"
"ar","gid://shopify/UrlRedirect/490964713724","/ar/products/delaney-neon-yellow-oversized-knit-sweater-22","/ar/collections/all"
"ar","gid://shopify/UrlRedirect/490965663996","/ar/products/brixton-jeans","/ar/collections/all"
"ar","gid://shopify/UrlRedirect/490966483196","/ar/products/something-two-piece-top-set-ootd-ec","/ar/collections/all"
"ar","gid://shopify/UrlRedirect/490967433468","/ar/products/beige-braided-rope-bracelet-minimalist-vibe-d8","/ar/collections/all"
"ar","gid://shopify/UrlRedirect/490969202940","/ar/products/valeria-dress","/ar/collections/all"
"ar","gid://shopify/UrlRedirect/490969497852","/ar/products/harlow-mini-skirt","/ar/collections/all"
"ar","gid://shopify/UrlRedirect/490970841340","/ar/products/night-glow-tracksuit-bottom-set","/ar/collections/all"
"ar","gid://shopify/UrlRedirect/490971431164","/ar/products/cut-out-dress","/ar/collections/all"
"ar","gid://shopify/UrlRedirect/490971758844","/ar/products/private-shirt","/ar/collections/all"
"ar","gid://shopify/UrlRedirect/490972152060","/ar/products/2-pieces-rorri-dress","/ar/collections/all"
"ar","gid://shopify/UrlRedirect/490972840188","/ar/products/heartbit-shirt","/ar/collections/all"
"ar","gid://shopify/UrlRedirect/490973364476","/ar/products/womens-3-4-pants-a","/ar/collections/all"
"ar","gid://shopify/UrlRedirect/490973757692","/ar/products/cardigan-dress-a","/ar/collections/all"
"ar","gid://shopify/UrlRedirect/490973921532","/ar/products/keep-on-moving-t-shirt","/ar/collections/all"
"ar","gid://shopify/UrlRedirect/490974118140","/ar/products/no-risk-top-set","/ar/collections/all"
"ar","gid://shopify/UrlRedirect/490974183676","/ar/products/christopher-shirt","/ar/collections/all"
"ar","gid://shopify/UrlRedirect/490974216444","/ar/products/noa-bodysuit","/ar/collections/all"
"ar","gid://shopify/UrlRedirect/490975002876","/ar/products/rhodes-shirt","/ar/collections/all"
"ar","gid://shopify/UrlRedirect/490975068412","/ar/products/bronze-link-statement-bracelet-streetwear-wrist-flex-23","/ar/collections/all"
"ar","gid://shopify/UrlRedirect/490976837884","/ar/products/james-shirt","/ar/collections/all"
"ar","gid://shopify/UrlRedirect/490981228796","/ar/products/aubri-denim-jacket","/ar/collections/all"
"ar","gid://shopify/UrlRedirect/490981654780","/ar/products/tobias-pants","/ar/collections/all"
"ar","gid://shopify/UrlRedirect/490981916924","/ar/products/ride-blazer","/ar/collections/all"
"ar","gid://shopify/UrlRedirect/490983915772","/ar/products/spectator-lounge-bottom","/ar/collections/all"
"he","gid://shopify/UrlRedirect/490951934204","/he/products/jordan-retro-square-sunglasses-dd","/he/collections/all"
"he","gid://shopify/UrlRedirect/490954293500","/he/products/brave-tee","/he/collections/all"
"he","gid://shopify/UrlRedirect/490955276540","/he/products/brooks-coat","/he/collections/all"
"he","gid://shopify/UrlRedirect/490955997436","/he/products/onyx-beaded-bracelet-minimalist-streetwear-ce","/he/collections/all"
"he","gid://shopify/UrlRedirect/490957537532","/he/products/streetwear-web-print-graphic-tee-24","/he/collections/all"
"he","gid://shopify/UrlRedirect/490958323964","/he/products/retro-metal-sunglasses-festival-vibes-a7","/he/collections/all"
"he","gid://shopify/UrlRedirect/490959241468","/he/products/if-you-want-t-shirt","/he/collections/all"
"he","gid://shopify/UrlRedirect/490959962364","/he/products/josh-two-piece-shorts-set-streetwear-4d","/he/collections/all"
"he","gid://shopify/UrlRedirect/490961764604","/he/products/shoes-ah","/he/collections/all"
"he","gid://shopify/UrlRedirect/490963730684","/he/products/sophie-retro-square-sunglasses-streetwear-shades-af","/he/collections/all"
"he","gid://shopify/UrlRedirect/490964517116","/he/products/wade-denim-shorts","/he/collections/all"
"he","gid://shopify/UrlRedirect/490965336316","/he/products/night-glow-tracksuit-bottom-set","/he/collections/all"
"he","gid://shopify/UrlRedirect/490965369084","/he/products/cocktails-shorts-set","/he/collections/all"
"he","gid://shopify/UrlRedirect/490966122748","/he/products/shoes-ai","/he/collections/all"
"he","gid://shopify/UrlRedirect/490967761148","/he/products/soy-wax-scented-candle-room-vibe-glow-up-29","/he/collections/all"
"he","gid://shopify/UrlRedirect/490968940796","/he/collections/set","/he/collections/all"
"he","gid://shopify/UrlRedirect/490970513660","/he/products/juliet-jacket","/he/collections/all"
"he","gid://shopify/UrlRedirect/490971037948","/he/products/owen-denim-shorts-1","/he/collections/all"
"he","gid://shopify/UrlRedirect/490971463932","/he/products/marne-tank-top","/he/collections/all"
"he","gid://shopify/UrlRedirect/490973233404","/he/products/hat-d","/he/collections/all"
"he","gid://shopify/UrlRedirect/490973626620","/he/products/faye-denim-jumpsuit","/he/collections/all"
"he","gid://shopify/UrlRedirect/490974544124","/he/products/collar-top-set","/he/collections/all"
"he","gid://shopify/UrlRedirect/490976116988","/he/products/gemma-jeans","/he/collections/all"
"he","gid://shopify/UrlRedirect/490976182524","/he/products/sunglasses-d","/he/collections/all"
"he","gid://shopify/UrlRedirect/490976280828","/he/products/shoes","/he/collections/all"
"he","gid://shopify/UrlRedirect/490976870652","/he/products/braided-bracelet-a","/he/collections/all"
"he","gid://shopify/UrlRedirect/490977951996","/he/products/soul-t-shirt","/he/collections/all"
"he","gid://shopify/UrlRedirect/490978279676","/he/products/bradley-jacket","/he/collections/all"
"he","gid://shopify/UrlRedirect/490978509052","/he/products/shoes-c","/he/collections/all"
"he","gid://shopify/UrlRedirect/490979066108","/he/products/keep-on-moving-shirt","/he/collections/all"
"he","gid://shopify/UrlRedirect/490980114684","/he/products/blaire-shoulder-dress","/he/collections/all"
"he","gid://shopify/UrlRedirect/490981359868","/he/products/reed-neon-sweater","/he/collections/all"
"he","gid://shopify/UrlRedirect/490982736124","/he/products/adam-lifestyle-shorts-set-summer-vibe-d6","/he/collections/all"
"he","gid://shopify/UrlRedirect/490982899964","/he/products/lee-dress","/he/collections/all"
"he","gid://shopify/UrlRedirect/490982998268","/he/products/christopher-shirt","/he/collections/all"
"he","gid://shopify/UrlRedirect/490983129340","/he/products/bobby-jeans","/he/collections/all"
"he","gid://shopify/UrlRedirect/490984145148","/he/products/miami-shirt","/he/collections/all"
"he","gid://shopify/UrlRedirect/490984898812","/he/products/butterfly-t-shirt","/he/collections/all"
"az","gid://shopify/UrlRedirect/490951966972","/az/products/dylan-cream-tapered-pants-streetwear-eb","/az/collections/all"
"az","gid://shopify/UrlRedirect/490953375996","/az/products/checkers-shorts-set-streetwear-vibe-65","/az/collections/all"
"az","gid://shopify/UrlRedirect/490953965820","/az/products/sirena-dress","/az/collections/all"
"az","gid://shopify/UrlRedirect/490953998588","/az/products/brixton-jeans","/az/collections/all"
"az","gid://shopify/UrlRedirect/490955407612","/az/products/maxine-shorts","/az/collections/all"
"az","gid://shopify/UrlRedirect/490959143164","/az/products/delaney-neon-yellow-oversized-knit-sweater-22","/az/collections/all"
"az","gid://shopify/UrlRedirect/490959831292","/az/products/sean-knit-sweater","/az/collections/all"
"az","gid://shopify/UrlRedirect/490960388348","/az/products/bracelet-j","/az/collections/all"
"az","gid://shopify/UrlRedirect/490960453884","/az/products/tyson-sweater","/az/collections/all"
"az","gid://shopify/UrlRedirect/490964812028","/az/collections/vendors","/az/collections/all"
"az","gid://shopify/UrlRedirect/490964910332","/az/products/love-hoodie","/az/collections/all"
"az","gid://shopify/UrlRedirect/490965696764","/az/products/survive-t-shirt","/az/collections/all"
"az","gid://shopify/UrlRedirect/490967204092","/az/products/elora-bodysuit","/az/collections/all"
"az","gid://shopify/UrlRedirect/490970251516","/az/products/culture-t-shirt","/az/collections/all"
"az","gid://shopify/UrlRedirect/490971005180","/az/products/elliott-jeans","/az/collections/all"
"az","gid://shopify/UrlRedirect/490971627772","/az/products/private-shirt","/az/collections/all"
"az","gid://shopify/UrlRedirect/490972905724","/az/products/heartbit-shirt","/az/collections/all"
"az","gid://shopify/UrlRedirect/490974019836","/az/products/mac-pants","/az/collections/all"
"az","gid://shopify/UrlRedirect/490974773500","/az/products/sequin-mini-dress","/az/collections/all"
"az","gid://shopify/UrlRedirect/490975297788","/az/products/smile-more-hoodie","/az/collections/all"
"az","gid://shopify/UrlRedirect/490976215292","/az/products/louie-shorts-set","/az/collections/all"
"az","gid://shopify/UrlRedirect/490977886460","/az/products/soul-t-shirt","/az/collections/all"
"az","gid://shopify/UrlRedirect/490979295484","/az/products/nick-shorts-set","/az/collections/all"
"az","gid://shopify/UrlRedirect/490979557628","/az/products/chloe-dress","/az/collections/all"
"az","gid://shopify/UrlRedirect/490979819772","/az/products/spyder-hoodie","/az/collections/all"
"az","gid://shopify/UrlRedirect/490980737276","/az/products/sunglasses-d","/az/collections/all"
"az","gid://shopify/UrlRedirect/490981556476","/az/products/relax-shirt","/az/collections/all"
"az","gid://shopify/UrlRedirect/490982637820","/az/products/adam-lifestyle-shorts-set-summer-vibe-d6","/az/collections/all"
"az","gid://shopify/UrlRedirect/490983358716","/az/products/jolene-top-set","/az/collections/all"
"az","gid://shopify/UrlRedirect/490983620860","/az/products/norma","/az/collections/all"
"az","gid://shopify/UrlRedirect/490984702204","/az/products/hoodie-dress","/az/collections/all"
"az","gid://shopify/UrlRedirect/490985128188","/az/products/noa-bodysuit","/az/collections/all"
"hy","gid://shopify/UrlRedirect/490954948860","/hy/products/soul-t-shirt","/hy/collections/all"
"hy","gid://shopify/UrlRedirect/490955079932","/hy/products/more-and-less-top","/hy/collections/all"
"hy","gid://shopify/UrlRedirect/490956226812","/hy/products/ellis-bomber-jacket","/hy/collections/all"
"hy","gid://shopify/UrlRedirect/490959110396","/hy/products/black-braided-cord-bracelet-streetwear-hype-e2","/hy/collections/all"
"hy","gid://shopify/UrlRedirect/490960421116","/hy/collections/vendors","/hy/collections/all"
"hy","gid://shopify/UrlRedirect/490965532924","/hy/products/collar-pants-set","/hy/collections/all"
"hy","gid://shopify/UrlRedirect/490965958908","/hy/products/reed-neon-sweater","/hy/collections/all"
"hy","gid://shopify/UrlRedirect/490966221052","/hy/products/cut-out-mini-dress","/hy/collections/all"
"hy","gid://shopify/UrlRedirect/490966286588","/hy/products/ian-pants-set","/hy/collections/all"
"hy","gid://shopify/UrlRedirect/490966909180","/hy/products/greta-dress","/hy/collections/all"
"hy","gid://shopify/UrlRedirect/490967236860","/hy/products/elora-bodysuit","/hy/collections/all"
"hy","gid://shopify/UrlRedirect/490967335164","/hy/products/kimber-denim-skirt","/hy/collections/all"
"hy","gid://shopify/UrlRedirect/490967597308","/hy/products/rabbit-shirt","/hy/collections/all"
"hy","gid://shopify/UrlRedirect/490968875260","/hy/products/adam-lifestyle-shorts-set-summer-vibe-d6","/hy/collections/all"
"hy","gid://shopify/UrlRedirect/490969465084","/hy/products/matte-black-beaded-bracelet-stackable-36","/hy/collections/all"
"hy","gid://shopify/UrlRedirect/490971595004","/hy/products/shoes-c","/hy/collections/all"
"hy","gid://shopify/UrlRedirect/490971889916","/hy/products/leon-jeans","/hy/collections/all"
"hy","gid://shopify/UrlRedirect/490972807420","/hy/products/soy-wax-scented-candle-room-vibe-glow-up-29","/hy/collections/all"
"hy","gid://shopify/UrlRedirect/490973102332","/hy/products/fiona-jacket-set","/hy/collections/all"
"hy","gid://shopify/UrlRedirect/490973298940","/hy/products/owen-denim-shorts-1","/hy/collections/all"
"hy","gid://shopify/UrlRedirect/490974380284","/hy/products/untimely-shirt","/hy/collections/all"
"hy","gid://shopify/UrlRedirect/490975265020","/hy/products/smile-more-hoodie","/hy/collections/all"
"hy","gid://shopify/UrlRedirect/490975985916","/hy/products/keep-on-moving-shirt","/hy/collections/all"
"hy","gid://shopify/UrlRedirect/490976477436","/hy/products/mathew-pants","/hy/collections/all"
"hy","gid://shopify/UrlRedirect/490976805116","/hy/products/braided-bracelet-a","/hy/collections/all"
"hy","gid://shopify/UrlRedirect/490977001724","/hy/products/spectator-lounge-top","/hy/collections/all"
"hy","gid://shopify/UrlRedirect/490977263868","/hy/products/lee-dress","/hy/collections/all"
"hy","gid://shopify/UrlRedirect/490977558780","/hy/products/eleanor-dress","/hy/collections/all"
"hy","gid://shopify/UrlRedirect/490977722620","/hy/products/robin-t-shirt","/hy/collections/all"
"hy","gid://shopify/UrlRedirect/490977853692","/hy/products/heels-c","/hy/collections/all"
"hy","gid://shopify/UrlRedirect/490978083068","/hy/products/exceptional-t-shirt","/hy/collections/all"
"hy","gid://shopify/UrlRedirect/490978705660","/hy/products/royal-satin-top-set","/hy/collections/all"
"hy","gid://shopify/UrlRedirect/490978967804","/hy/products/culture-t-shirt","/hy/collections/all"
"hy","gid://shopify/UrlRedirect/490979000572","/hy/products/something-top-set","/hy/collections/all"
"hy","gid://shopify/UrlRedirect/490979164412","/hy/products/nick-shorts-set","/hy/collections/all"
"hy","gid://shopify/UrlRedirect/490979361020","/hy/products/fine-arts-shirt","/hy/collections/all"
"hy","gid://shopify/UrlRedirect/490979492092","/hy/products/shoes-a","/hy/collections/all"
"hy","gid://shopify/UrlRedirect/490979688700","/hy/products/shoes","/hy/collections/all"
"hy","gid://shopify/UrlRedirect/490979852540","/hy/products/eden-one-button-jacket","/hy/collections/all"
"hy","gid://shopify/UrlRedirect/490980376828","/hy/products/aubri-denim-jacket","/hy/collections/all"
"hy","gid://shopify/UrlRedirect/490981294332","/hy/products/turns-out-t-shirt","/hy/collections/all"
"hy","gid://shopify/UrlRedirect/490981589244","/hy/products/spyder-hoodie","/hy/collections/all"
"hy","gid://shopify/UrlRedirect/490981753084","/hy/products/james-shirt","/hy/collections/all"
"hy","gid://shopify/UrlRedirect/490981785852","/hy/products/gem-romper","/hy/collections/all"
"hy","gid://shopify/UrlRedirect/490981884156","/hy/products/my-rules-t-shirt","/hy/collections/all"
"hy","gid://shopify/UrlRedirect/490982277372","/hy/products/collar-top-set","/hy/collections/all"
"hy","gid://shopify/UrlRedirect/490983784700","/hy/products/hat-c","/hy/collections/all"
"hy","gid://shopify/UrlRedirect/490983981308","/hy/products/bobby-jeans","/hy/collections/all"
"hy","gid://shopify/UrlRedirect/490984112380","/hy/products/miami-shirt","/hy/collections/all"
"hy","gid://shopify/UrlRedirect/490984571132","/hy/products/think-different-t-shirt","/hy/collections/all"
"hy","gid://shopify/UrlRedirect/490984669436","/hy/products/maxine-shorts","/hy/collections/all"
"hy","gid://shopify/UrlRedirect/490984931580","/hy/products/varsity-tee","/hy/collections/all"
"be","gid://shopify/UrlRedirect/490954490108","/be/products/cut-out-dress","/be/collections/all"
"be","gid://shopify/UrlRedirect/490957766908","/be/products/retro-square-sunglasses-main-character-energy-b6","/be/collections/all"
"be","gid://shopify/UrlRedirect/490961666300","/be/products/griffin-jeans-1","/be/collections/all"
"be","gid://shopify/UrlRedirect/490961830140","/be/products/orlando-crop-top","/be/collections/all"
"be","gid://shopify/UrlRedirect/490961895676","/be/products/one-shoulder-sweatshirt","/be/collections/all"
"be","gid://shopify/UrlRedirect/490962780412","/be/products/ivory-top","/be/collections/all"
"be","gid://shopify/UrlRedirect/490963140860","/be/products/sirena-dress","/be/collections/all"
"be","gid://shopify/UrlRedirect/490964091132","/be/products/remi-pants-set","/be/collections/all"
"be","gid://shopify/UrlRedirect/490964418812","/be/products/gem-romper","/be/collections/all"
"be","gid://shopify/UrlRedirect/490966548732","/be/products/age-t-shirt","/be/collections/all"
"be","gid://shopify/UrlRedirect/490966974716","/be/products/womens-short-jeans-d","/be/collections/all"
"be","gid://shopify/UrlRedirect/490968252668","/be/products/new-york-t-shirt","/be/collections/all"
"be","gid://shopify/UrlRedirect/490968482044","/be/products/universal-phone-stand-content-creator-grip-63","/be/collections/all"
"be","gid://shopify/UrlRedirect/490968547580","/be/products/monalisa-t-shirt","/be/collections/all"
"be","gid://shopify/UrlRedirect/490969170172","/be/products/furry-pants-set-1","/be/collections/all"
"be","gid://shopify/UrlRedirect/490969399548","/be/products/belted-creppe-pants","/be/collections/all"
"be","gid://shopify/UrlRedirect/490970710268","/be/products/leon-jeans","/be/collections/all"
"be","gid://shopify/UrlRedirect/490970775804","/be/products/bradley-jacket","/be/collections/all"
"be","gid://shopify/UrlRedirect/490970972412","/be/products/nash-swim-top","/be/collections/all"
"be","gid://shopify/UrlRedirect/490971300092","/be/products/owen-denim-shorts-1","/be/collections/all"
"be","gid://shopify/UrlRedirect/490972184828","/be/products/eden-one-button-jacket","/be/collections/all"
"be","gid://shopify/UrlRedirect/490973462780","/be/products/untimely-shirt","/be/collections/all"
"be","gid://shopify/UrlRedirect/490973888764","/be/products/cathy-dress","/be/collections/all"
"be","gid://shopify/UrlRedirect/490974511356","/be/products/whatever-t-shirt","/be/collections/all"
"be","gid://shopify/UrlRedirect/490975920380","/be/products/shoes-ah","/be/collections/all"
"be","gid://shopify/UrlRedirect/490975953148","/be/products/keep-on-moving-shirt","/be/collections/all"
"be","gid://shopify/UrlRedirect/490976248060","/be/products/louie-shorts-set","/be/collections/all"
"be","gid://shopify/UrlRedirect/490976411900","/be/products/mathew-pants","/be/collections/all"
"be","gid://shopify/UrlRedirect/490976903420","/be/products/naomi-dress","/be/collections/all"
"be","gid://shopify/UrlRedirect/490977394940","/be/products/robin-t-shirt","/be/collections/all"
"be","gid://shopify/UrlRedirect/490977591548","/be/products/womens-long-denim-jeans-f","/be/collections/all"
"be","gid://shopify/UrlRedirect/490978312444","/be/products/mens-jeans-bh","/be/collections/all"
"be","gid://shopify/UrlRedirect/490979328252","/be/products/fine-arts-shirt","/be/collections/all"
"be","gid://shopify/UrlRedirect/490980278524","/be/products/aubri-denim-jacket","/be/collections/all"
"be","gid://shopify/UrlRedirect/490980770044","/be/products/sunglasses-d","/be/collections/all"
"be","gid://shopify/UrlRedirect/490980868348","/be/products/millie-dress","/be/collections/all"
"be","gid://shopify/UrlRedirect/490982146300","/be/products/2-pieces-rorri-dress","/be/collections/all"
"be","gid://shopify/UrlRedirect/490982408444","/be/products/brooklyn-tee","/be/collections/all"
"be","gid://shopify/UrlRedirect/490983227644","/be/products/bobby-jeans","/be/collections/all"
"be","gid://shopify/UrlRedirect/490983653628","/be/products/norma","/be/collections/all"
"be","gid://shopify/UrlRedirect/490984276220","/be/products/champs-top","/be/collections/all"
"be","gid://shopify/UrlRedirect/490984341756","/be/products/successful-tank","/be/collections/all"
"be","gid://shopify/UrlRedirect/490984440060","/be/products/leopard-shirt-set","/be/collections/all"
"be","gid://shopify/UrlRedirect/490984505596","/be/products/thank-you-hoodie-set","/be/collections/all"
"be","gid://shopify/UrlRedirect/490985160956","/be/products/noa-bodysuit","/be/collections/all"
"fil","gid://shopify/UrlRedirect/490952458492","/fil/products/karina-short-legging","/fil/collections/all"
"fil","gid://shopify/UrlRedirect/490955014396","/fil/products/heels-a","/fil/collections/all"
"fil","gid://shopify/UrlRedirect/490958848252","/fil/products/checkers-shorts-set-streetwear-vibe-65","/fil/collections/all"
"fil","gid://shopify/UrlRedirect/490962682108","/fil/products/love-tee","/fil/collections/all"
"fil","gid://shopify/UrlRedirect/490965303548","/fil/products/show-must-go-on-shirt","/fil/collections/all"
"fil","gid://shopify/UrlRedirect/490965500156","/fil/products/ryland-top-set","/fil/collections/all"
"fil","gid://shopify/UrlRedirect/490965893372","/fil/products/hunter-denim-shorts-1","/fil/collections/all"
"fil","gid://shopify/UrlRedirect/490966876412","/fil/products/eleanor-dress","/fil/collections/all"
"fil","gid://shopify/UrlRedirect/490967007484","/fil/products/elora-bodysuit","/fil/collections/all"
"fil","gid://shopify/UrlRedirect/490968580348","/fil/products/mia-retro-round-sunglasses-da","/fil/collections/all"
"fil","gid://shopify/UrlRedirect/490968711420","/fil/products/furry-pants-set-1","/fil/collections/all"
"fil","gid://shopify/UrlRedirect/490968842492","/fil/products/matte-black-beaded-bracelet-midnight-stack-28","/fil/collections/all"
"fil","gid://shopify/UrlRedirect/490969006332","/fil/products/being-free-t-shirts","/fil/collections/all"
"fil","gid://shopify/UrlRedirect/490970218748","/fil/products/retro-o-frame-sunglasses-streetwear-vibe-4d","/fil/collections/all"
"fil","gid://shopify/UrlRedirect/490970382588","/fil/products/maddison-skirt","/fil/collections/all"
"fil","gid://shopify/UrlRedirect/490971562236","/fil/products/hanan-jeans","/fil/collections/all"
"fil","gid://shopify/UrlRedirect/490971791612","/fil/products/private-shirt","/fil/collections/all"
"fil","gid://shopify/UrlRedirect/490972774652","/fil/products/vera-shorts","/fil/collections/all"
"fil","gid://shopify/UrlRedirect/490973167868","/fil/products/elliott-jeans","/fil/collections/all"
"fil","gid://shopify/UrlRedirect/490974085372","/fil/products/tom-denim-shirt","/fil/collections/all"
"fil","gid://shopify/UrlRedirect/490974445820","/fil/products/untimely-shirt","/fil/collections/all"
"fil","gid://shopify/UrlRedirect/490975822076","/fil/products/faye-denim-jumpsuit","/fil/collections/all"
"fil","gid://shopify/UrlRedirect/490976575740","/fil/products/griffin-jeans-1","/fil/collections/all"
"fil","gid://shopify/UrlRedirect/490976968956","/fil/products/spectator-lounge-top","/fil/collections/all"
"fil","gid://shopify/UrlRedirect/490977526012","/fil/products/robin-t-shirt","/fil/collections/all"
"fil","gid://shopify/UrlRedirect/490977624316","/fil/products/mathew-pants","/fil/collections/all"
"fil","gid://shopify/UrlRedirect/490977788156","/fil/products/cut-out-mini-dress","/fil/collections/all"
"fil","gid://shopify/UrlRedirect/490977984764","/fil/products/rabbit-shirt","/fil/collections/all"
"fil","gid://shopify/UrlRedirect/490978607356","/fil/products/scarlet-romper","/fil/collections/all"
"fil","gid://shopify/UrlRedirect/490978935036","/fil/products/leon-jeans","/fil/collections/all"
"fil","gid://shopify/UrlRedirect/490980016380","/fil/products/nash-swim-top","/fil/collections/all"
"fil","gid://shopify/UrlRedirect/490980835580","/fil/products/sunglasses-d","/fil/collections/all"
"fil","gid://shopify/UrlRedirect/490981425404","/fil/products/keep-on-moving-shirt","/fil/collections/all"
"fil","gid://shopify/UrlRedirect/490981687548","/fil/products/reed-neon-sweater","/fil/collections/all"
"fil","gid://shopify/UrlRedirect/490982834428","/fil/products/73-t-shirt-set","/fil/collections/all"
"fil","gid://shopify/UrlRedirect/490982867196","/fil/products/turns-out-t-shirt","/fil/collections/all"
"fil","gid://shopify/UrlRedirect/490983850236","/fil/products/think-different-t-shirt","/fil/collections/all"
"am","gid://shopify/UrlRedirect/490952392956","/am/collections/vendors","/am/collections/all"
"am","gid://shopify/UrlRedirect/490955309308","/am/products/cut-out-mini-dress","/am/collections/all"
"am","gid://shopify/UrlRedirect/490958455036","/am/products/adam-two-piece-shirt-streetwear-set-af","/am/collections/all"
"am","gid://shopify/UrlRedirect/490959077628","/am/products/sophie-sunglasses","/am/collections/all"
"am","gid://shopify/UrlRedirect/490959569148","/am/collections/home-tech-women","/am/collections/all"
"am","gid://shopify/UrlRedirect/490960027900","/am/products/beige-braided-rope-bracelet-minimalist-vibe-d8","/am/collections/all"
"am","gid://shopify/UrlRedirect/490962059516","/am/products/ian-hoodie-set","/am/collections/all"
"am","gid://shopify/UrlRedirect/490962125052","/am/products/spyder-hoodie","/am/collections/all"
"am","gid://shopify/UrlRedirect/490963271932","/am/products/sirena-dress","/am/collections/all"
"am","gid://shopify/UrlRedirect/490964386044","/am/products/black-square-frame-sunglasses-retro-chic-e2","/am/collections/all"
"am","gid://shopify/UrlRedirect/490964451580","/am/products/grace-chic-black-sunglasses-ootd-64","/am/collections/all"
"am","gid://shopify/UrlRedirect/490964582652","/am/products/diana-jeans-1","/am/collections/all"
"am","gid://shopify/UrlRedirect/490965467388","/am/products/womens-short-jeans-d","/am/collections/all"
"am","gid://shopify/UrlRedirect/490966188284","/am/products/night-glow-tracksuit-bottom-set","/am/collections/all"
"am","gid://shopify/UrlRedirect/490968285436","/am/products/faith-in-yourself-t-shirt","/am/collections/all"
"am","gid://shopify/UrlRedirect/490968318204","/am/products/chase-black-washed-slim-fit-jeans-ad","/am/collections/all"
"am","gid://shopify/UrlRedirect/490968613116","/am/products/black-matte-beaded-bracelet-minimalist-stack-cd","/am/collections/all"
"am","gid://shopify/UrlRedirect/490970480892","/am/products/nova-sunglasses","/am/collections/all"
"am","gid://shopify/UrlRedirect/490970939644","/am/products/fear-t-shirt","/am/collections/all"
"am","gid://shopify/UrlRedirect/490972446972","/am/products/louie-top-set","/am/collections/all"
"am","gid://shopify/UrlRedirect/490972512508","/am/products/river-top-set","/am/collections/all"
"am","gid://shopify/UrlRedirect/490972578044","/am/products/cardigan-dress-a","/am/collections/all"
"am","gid://shopify/UrlRedirect/490973495548","/am/products/heartbit-shirt","/am/collections/all"
"am","gid://shopify/UrlRedirect/490974839036","/am/products/sunglasses-n","/am/collections/all"
"am","gid://shopify/UrlRedirect/490975101180","/am/products/bronze-link-statement-bracelet-streetwear-wrist-flex-23","/am/collections/all"
"am","gid://shopify/UrlRedirect/490975232252","/am/products/hat-c","/am/collections/all"
"am","gid://shopify/UrlRedirect/490975756540","/am/products/faye-denim-jumpsuit","/am/collections/all"
"am","gid://shopify/UrlRedirect/490976674044","/am/products/james-shirt","/am/collections/all"
"am","gid://shopify/UrlRedirect/490978574588","/am/products/shoes-c","/am/collections/all"
"am","gid://shopify/UrlRedirect/490978902268","/am/products/heels-a","/am/collections/all"
"am","gid://shopify/UrlRedirect/490979098876","/am/products/rabbit-shirt","/am/collections/all"
"am","gid://shopify/UrlRedirect/490980311292","/am/products/aubri-denim-jacket","/am/collections/all"
"am","gid://shopify/UrlRedirect/490980475132","/am/products/2-pieces-rorri-dress","/am/collections/all"
"am","gid://shopify/UrlRedirect/490980606204","/am/products/neil-jeans","/am/collections/all"
"am","gid://shopify/UrlRedirect/490982015228","/am/products/memories-t-shirt","/am/collections/all"
"am","gid://shopify/UrlRedirect/490982441212","/am/products/ride-blazer","/am/collections/all"
"am","gid://shopify/UrlRedirect/490982605052","/am/products/gold-initial-g-pendant-necklace-51","/am/collections/all"
"am","gid://shopify/UrlRedirect/490982965500","/am/products/gemma-jeans","/am/collections/all"
"am","gid://shopify/UrlRedirect/490984997116","/am/products/varsity-tee","/am/collections/all"
"ak","gid://shopify/UrlRedirect/490952622332","/ak/products/sophie-sunglasses","/ak/collections/all"
"ak","gid://shopify/UrlRedirect/490956390652","/ak/products/pablo-pants-1","/ak/collections/all"
"ak","gid://shopify/UrlRedirect/490957471996","/ak/products/josh-two-piece-shorts-set-streetwear-4d","/ak/collections/all"
"ak","gid://shopify/UrlRedirect/490957570300","/ak/products/elementi-cologne-fresh-citrus-woody-signature-scent-48","/ak/collections/all"
"ak","gid://shopify/UrlRedirect/490958487804","/ak/products/sean-knit-sweater","/ak/collections/all"
"ak","gid://shopify/UrlRedirect/490959372540","/ak/products/shoes-ai","/ak/collections/all"
"ak","gid://shopify/UrlRedirect/490959798524","/ak/products/mylah-denim-vest","/ak/collections/all"
"ak","gid://shopify/UrlRedirect/490960093436","/ak/products/samuel-denim-shorts","/ak/collections/all"
"ak","gid://shopify/UrlRedirect/490961174780","/ak/collections/vendors","/ak/collections/all"
"ak","gid://shopify/UrlRedirect/490964123900","/ak/products/remi-pants-set","/ak/collections/all"
"ak","gid://shopify/UrlRedirect/490964156668","/ak/products/cathy-dress","/ak/collections/all"
"ak","gid://shopify/UrlRedirect/490964549884","/ak/products/emma-dress","/ak/collections/all"
"ak","gid://shopify/UrlRedirect/490965762300","/ak/products/ellis-bomber-jacket","/ak/collections/all"
"ak","gid://shopify/UrlRedirect/490967564540","/ak/products/elsie-jeans-2","/ak/collections/all"
"ak","gid://shopify/UrlRedirect/490969628924","/ak/products/eyes-top-set","/ak/collections/all"
"ak","gid://shopify/UrlRedirect/490970546428","/ak/products/fill-in-the-blank-t-shirt","/ak/collections/all"
"ak","gid://shopify/UrlRedirect/490971726076","/ak/products/private-shirt","/ak/collections/all"
"ak","gid://shopify/UrlRedirect/490972119292","/ak/products/cardigan-dress-a","/ak/collections/all"
"ak","gid://shopify/UrlRedirect/490972283132","/ak/products/night-glow-tracksuit-bottom-set","/ak/collections/all"
"ak","gid://shopify/UrlRedirect/490972479740","/ak/products/louie-top-set","/ak/collections/all"
"ak","gid://shopify/UrlRedirect/490974314748","/ak/products/james-shirt","/ak/collections/all"
"ak","gid://shopify/UrlRedirect/490974347516","/ak/products/noa-bodysuit","/ak/collections/all"
"ak","gid://shopify/UrlRedirect/490975166716","/ak/products/collar-top-set","/ak/collections/all"
"ak","gid://shopify/UrlRedirect/490975363324","/ak/products/ride-blazer","/ak/collections/all"
"ak","gid://shopify/UrlRedirect/490980442364","/ak/products/2-pieces-rorri-dress","/ak/collections/all"
"ak","gid://shopify/UrlRedirect/490982047996","/ak/products/aubri-denim-jacket","/ak/collections/all"
"ak","gid://shopify/UrlRedirect/490982080764","/ak/products/memories-t-shirt","/ak/collections/all"
"ak","gid://shopify/UrlRedirect/490983457020","/ak/products/jolene-top-set","/ak/collections/all"
"bm","gid://shopify/UrlRedirect/490953670908","/bm/products/sean-knit-sweater","/bm/collections/all"
"bm","gid://shopify/UrlRedirect/490953769212","/bm/collections/vendors","/bm/collections/all"
"bm","gid://shopify/UrlRedirect/490954227964","/bm/products/city-view-t-shirt","/bm/collections/all"
"bm","gid://shopify/UrlRedirect/490954326268","/bm/products/royal-satin-top-set","/bm/collections/all"
"bm","gid://shopify/UrlRedirect/490956128508","/bm/products/standard-shipping-delivery-fast-track-c1","/bm/collections/all"
"bm","gid://shopify/UrlRedirect/490958160124","/bm/products/tie-shirt","/bm/collections/all"
"bm","gid://shopify/UrlRedirect/490959274236","/bm/products/mila-sunglasses","/bm/collections/all"
"bm","gid://shopify/UrlRedirect/490959536380","/bm/products/essential-streetwear-tee-modern-urban-fit-f3","/bm/collections/all"
"bm","gid://shopify/UrlRedirect/490960814332","/bm/products/alia-crop-tank","/bm/collections/all"
"bm","gid://shopify/UrlRedirect/490961469692","/bm/products/popit-shirt","/bm/collections/all"
"bm","gid://shopify/UrlRedirect/490964353276","/bm/products/keep-rising-t-shirt","/bm/collections/all"
"bm","gid://shopify/UrlRedirect/490965598460","/bm/products/wade-denim-shorts","/bm/collections/all"
"bm","gid://shopify/UrlRedirect/490965631228","/bm/products/eric-hoodie-set","/bm/collections/all"
"bm","gid://shopify/UrlRedirect/490965860604","/bm/products/hunter-denim-shorts-1","/bm/collections/all"
"bm","gid://shopify/UrlRedirect/490966515964","/bm/products/mia-sunglasses","/bm/collections/all"
"bm","gid://shopify/UrlRedirect/490966647036","/bm/products/one-shoulder-dress","/bm/collections/all"
"bm","gid://shopify/UrlRedirect/490967367932","/bm/products/ian-pants-set","/bm/collections/all"
"bm","gid://shopify/UrlRedirect/490967826684","/bm/products/dax-jeans","/bm/collections/all"
"bm","gid://shopify/UrlRedirect/490968023292","/bm/products/drawstring-sweat-shorts","/bm/collections/all"
"bm","gid://shopify/UrlRedirect/490969268476","/bm/products/wayne-overall","/bm/collections/all"
"bm","gid://shopify/UrlRedirect/490969891068","/bm/products/private-shirt","/bm/collections/all"
"bm","gid://shopify/UrlRedirect/490970808572","/bm/products/harlow-mini-skirt","/bm/collections/all"
"bm","gid://shopify/UrlRedirect/490972676348","/bm/products/mylah-denim-vest","/bm/collections/all"
"bm","gid://shopify/UrlRedirect/490973561084","/bm/products/nick-shorts-set","/bm/collections/all"
"bm","gid://shopify/UrlRedirect/490973593852","/bm/products/marne-tank-top","/bm/collections/all"
"bm","gid://shopify/UrlRedirect/490974150908","/bm/products/no-risk-top-set","/bm/collections/all"
"bm","gid://shopify/UrlRedirect/490975396092","/bm/products/ride-blazer","/bm/collections/all"
"bm","gid://shopify/UrlRedirect/490976542972","/bm/products/griffin-jeans-1","/bm/collections/all"
"bm","gid://shopify/UrlRedirect/490976608508","/bm/products/spyder-hoodie","/bm/collections/all"
"bm","gid://shopify/UrlRedirect/490977427708","/bm/products/robin-t-shirt","/bm/collections/all"
"bm","gid://shopify/UrlRedirect/490977657084","/bm/products/mathew-pants","/bm/collections/all"
"bm","gid://shopify/UrlRedirect/490977689852","/bm/products/christopher-shirt","/bm/collections/all"
"bm","gid://shopify/UrlRedirect/490978017532","/bm/products/rabbit-shirt","/bm/collections/all"
"bm","gid://shopify/UrlRedirect/490978050300","/bm/products/bradley-jacket","/bm/collections/all"
"bm","gid://shopify/UrlRedirect/490978672892","/bm/products/leon-jeans","/bm/collections/all"
"bm","gid://shopify/UrlRedirect/490978803964","/bm/products/culture-t-shirt","/bm/collections/all"
"bm","gid://shopify/UrlRedirect/490979262716","/bm/products/shoes-ah","/bm/collections/all"
"bm","gid://shopify/UrlRedirect/490979524860","/bm/products/chloe-dress","/bm/collections/all"
"bm","gid://shopify/UrlRedirect/490979623164","/bm/products/shoes","/bm/collections/all"
"bm","gid://shopify/UrlRedirect/490980999420","/bm/products/respect-t-shirt","/bm/collections/all"
"bm","gid://shopify/UrlRedirect/490981458172","/bm/products/ryland-top-set","/bm/collections/all"
"bm","gid://shopify/UrlRedirect/490982179068","/bm/products/2-pieces-rorri-dress","/bm/collections/all"
"bm","gid://shopify/UrlRedirect/490983031036","/bm/products/kaden-denim-shorts","/bm/collections/all"
"bm","gid://shopify/UrlRedirect/490983424252","/bm/products/brooklyn-tee","/bm/collections/all"
"bm","gid://shopify/UrlRedirect/490983883004","/bm/products/scarlet-romper","/bm/collections/all"
"bm","gid://shopify/UrlRedirect/490984079612","/bm/products/shoes-ad","/bm/collections/all"
"bm","gid://shopify/UrlRedirect/490984177916","/bm/products/successful-tank","/bm/collections/all"
"bm","gid://shopify/UrlRedirect/490984472828","/bm/products/leopard-shirt-set","/bm/collections/all"
"bn","gid://shopify/UrlRedirect/490954555644","/bn/products/sirena-dress","/bn/collections/all"
"bn","gid://shopify/UrlRedirect/490954653948","/bn/products/keep-on-moving-t-shirt","/bn/collections/all"
"bn","gid://shopify/UrlRedirect/490954916092","/bn/products/robin-t-shirt","/bn/collections/all"
"bn","gid://shopify/UrlRedirect/490955178236","/bn/products/ryland-top-set","/bn/collections/all"
"bn","gid://shopify/UrlRedirect/490955374844","/bn/products/leah-crop-top","/bn/collections/all"
"bn","gid://shopify/UrlRedirect/490958127356","/bn/products/chase-black-washed-slim-fit-jeans-ad","/bn/collections/all"
"bn","gid://shopify/UrlRedirect/490961273084","/bn/products/shoes-ai","/bn/collections/all"
"bn","gid://shopify/UrlRedirect/490961567996","/bn/products/griffin-jeans-1","/bn/collections/all"
"bn","gid://shopify/UrlRedirect/490963403004","/bn/products/wade-denim-shorts","/bn/collections/all"
"bn","gid://shopify/UrlRedirect/490966253820","/bn/products/parker-track-top","/bn/collections/all"
"bn","gid://shopify/UrlRedirect/490966384892","/bn/products/rabbit-shirt","/bn/collections/all"
"bn","gid://shopify/UrlRedirect/490966843644","/bn/products/eleanor-dress","/bn/collections/all"
"bn","gid://shopify/UrlRedirect/490967105788","/bn/products/highest-self-t-shirt","/bn/collections/all"
"bn","gid://shopify/UrlRedirect/490967269628","/bn/products/elora-bodysuit","/bn/collections/all"
"bn","gid://shopify/UrlRedirect/490967793916","/bn/products/louie-shorts-set","/bn/collections/all"
"bn","gid://shopify/UrlRedirect/490969563388","/bn/products/barry-jeans","/bn/collections/all"
"bn","gid://shopify/UrlRedirect/490971201788","/bn/products/hat-d","/bn/collections/all"
"bn","gid://shopify/UrlRedirect/490971267324","/bn/products/owen-denim-shorts-1","/bn/collections/all"
"bn","gid://shopify/UrlRedirect/490971988220","/bn/products/leon-jeans","/bn/collections/all"
"bn","gid://shopify/UrlRedirect/490973036796","/bn/products/fiona-jacket-set","/bn/collections/all"
"bn","gid://shopify/UrlRedirect/490974052604","/bn/products/nash-swimsuit","/bn/collections/all"
"bn","gid://shopify/UrlRedirect/490974937340","/bn/products/no-rise-t-shirt","/bn/collections/all"
"bn","gid://shopify/UrlRedirect/490975887612","/bn/products/faye-denim-jumpsuit","/bn/collections/all"
"bn","gid://shopify/UrlRedirect/490977362172","/bn/products/sunglasses-d","/bn/collections/all"
"bn","gid://shopify/UrlRedirect/490977460476","/bn/products/soul-t-shirt","/bn/collections/all"
"bn","gid://shopify/UrlRedirect/490978541820","/bn/products/kaden-denim-shorts","/bn/collections/all"
"bn","gid://shopify/UrlRedirect/490980180220","/bn/products/only-human-hoodie","/bn/collections/all"
"bn","gid://shopify/UrlRedirect/490981851388","/bn/products/off-shoulder-floral-dress","/bn/collections/all"
"bn","gid://shopify/UrlRedirect/490983063804","/bn/products/evan-shirt","/bn/collections/all"
"bn","gid://shopify/UrlRedirect/490984538364","/bn/products/naomi-dress","/bn/collections/all"
"bn","gid://shopify/UrlRedirect/490984866044","/bn/products/butterfly-t-shirt","/bn/collections/all"
"bn","gid://shopify/UrlRedirect/490985062652","/bn/products/varsity-tee","/bn/collections/all"
"as","gid://shopify/UrlRedirect/490955211004","/as/products/turns-out-t-shirt","/as/collections/all"
"as","gid://shopify/UrlRedirect/490956095740","/as/products/wayne-overall","/as/collections/all"
"as","gid://shopify/UrlRedirect/490957177084","/as/products/oversized-top-shorts-set-coord-28","/as/collections/all"
"as","gid://shopify/UrlRedirect/490959012092","/as/products/champs-top","/as/collections/all"
"as","gid://shopify/UrlRedirect/490959438076","/as/products/alia-crop-tank","/as/collections/all"
"as","gid://shopify/UrlRedirect/490959896828","/as/products/vera-shorts","/as/collections/all"
"as","gid://shopify/UrlRedirect/490960060668","/as/products/samuel-denim-shorts","/as/collections/all"
"as","gid://shopify/UrlRedirect/490960191740","/as/products/grace-chic-black-sunglasses-ootd-64","/as/collections/all"
"as","gid://shopify/UrlRedirect/490964025596","/as/collections/vendors","/as/collections/all"
"as","gid://shopify/UrlRedirect/490964648188","/as/products/titan-t-shirt","/as/collections/all"
"as","gid://shopify/UrlRedirect/490965565692","/as/products/tv-shirt","/as/collections/all"
"as","gid://shopify/UrlRedirect/490965795068","/as/products/reed-neon-sweater","/as/collections/all"
"as","gid://shopify/UrlRedirect/490966057212","/as/products/age-t-shirt","/as/collections/all"
"as","gid://shopify/UrlRedirect/490967499004","/as/products/soul-t-shirt","/as/collections/all"
"as","gid://shopify/UrlRedirect/490967531772","/as/products/rabbit-shirt","/as/collections/all"
"as","gid://shopify/UrlRedirect/490968744188","/as/products/black-braided-cord-bracelet-streetwear-hype-e2","/as/collections/all"
"as","gid://shopify/UrlRedirect/490969334012","/as/products/clan-pants-set","/as/collections/all"
"as","gid://shopify/UrlRedirect/490969694460","/as/products/furry-pants-set-1","/as/collections/all"
"as","gid://shopify/UrlRedirect/490970906876","/as/products/elliott-jeans","/as/collections/all"
"as","gid://shopify/UrlRedirect/490971693308","/as/products/private-shirt","/as/collections/all"
"as","gid://shopify/UrlRedirect/490971824380","/as/products/leon-jeans","/as/collections/all"
"as","gid://shopify/UrlRedirect/490971955452","/as/products/collar-pants-set","/as/collections/all"
"as","gid://shopify/UrlRedirect/490972381436","/as/products/fiona-jacket-set","/as/collections/all"
"as","gid://shopify/UrlRedirect/490972872956","/as/products/heartbit-shirt","/as/collections/all"
"as","gid://shopify/UrlRedirect/490972971260","/as/products/mark-black-trendy-denim-jeans-3c","/as/collections/all"
"as","gid://shopify/UrlRedirect/490973528316","/as/products/mario-jeans","/as/collections/all"
"as","gid://shopify/UrlRedirect/490975559932","/as/products/jacket-a-42460787","/as/collections/all"
"as","gid://shopify/UrlRedirect/490975854844","/as/products/faye-denim-jumpsuit","/as/collections/all"
"as","gid://shopify/UrlRedirect/490976051452","/as/products/shoes-ah","/as/collections/all"
"as","gid://shopify/UrlRedirect/490976510204","/as/products/mathew-pants","/as/collections/all"
"as","gid://shopify/UrlRedirect/490976641276","/as/products/braided-bracelet-a","/as/collections/all"
"as","gid://shopify/UrlRedirect/490976706812","/as/products/james-shirt","/as/collections/all"
"as","gid://shopify/UrlRedirect/490976936188","/as/products/spectator-lounge-top","/as/collections/all"
"as","gid://shopify/UrlRedirect/490977132796","/as/products/lee-dress","/as/collections/all"
"as","gid://shopify/UrlRedirect/490977231100","/as/products/i-am-hoodie","/as/collections/all"
"as","gid://shopify/UrlRedirect/490977329404","/as/products/christopher-shirt","/as/collections/all"
"as","gid://shopify/UrlRedirect/490978115836","/as/products/eliza-dress","/as/collections/all"
"as","gid://shopify/UrlRedirect/490978345212","/as/products/summer-rain-tank","/as/collections/all"
"as","gid://shopify/UrlRedirect/490978640124","/as/products/scarlet-romper","/as/collections/all"
"as","gid://shopify/UrlRedirect/490978771196","/as/products/off-shoulder-floral-dress","/as/collections/all"
"as","gid://shopify/UrlRedirect/490979655932","/as/products/shoes","/as/collections/all"
"as","gid://shopify/UrlRedirect/490979721468","/as/products/hoodie-dress","/as/collections/all"
"as","gid://shopify/UrlRedirect/490979787004","/as/products/eden-one-button-jacket","/as/collections/all"
"as","gid://shopify/UrlRedirect/490980704508","/as/products/sunglasses-d","/as/collections/all"
"as","gid://shopify/UrlRedirect/490981196028","/as/products/highest-self-t-shirt","/as/collections/all"
"as","gid://shopify/UrlRedirect/490981523708","/as/products/jada-skirt","/as/collections/all"
"as","gid://shopify/UrlRedirect/490981818620","/as/products/fine-arts-shirt","/as/collections/all"
"as","gid://shopify/UrlRedirect/490982310140","/as/products/tom-denim-shirt","/as/collections/all"
"as","gid://shopify/UrlRedirect/490982572284","/as/products/retro-oval-sunglasses-slim-y2k-0d","/as/collections/all"
"as","gid://shopify/UrlRedirect/490982670588","/as/products/nice-tank-top","/as/collections/all"
"as","gid://shopify/UrlRedirect/490982801660","/as/products/vincent-puffer-vest","/as/collections/all"
"as","gid://shopify/UrlRedirect/490983194876","/as/products/brooklyn-tee","/as/collections/all"
"as","gid://shopify/UrlRedirect/490983522556","/as/products/heels-c","/as/collections/all"
"as","gid://shopify/UrlRedirect/490983588092","/as/products/mens-boxer-brief-3-pack","/as/collections/all"
"as","gid://shopify/UrlRedirect/490984243452","/as/products/miami-shirt","/as/collections/all"
"as","gid://shopify/UrlRedirect/490984800508","/as/products/butterfly-t-shirt","/as/collections/all"
"as","gid://shopify/UrlRedirect/490985095420","/as/products/varsity-tee","/as/collections/all"
"ru","gid://shopify/UrlRedirect/490954064124","/ru/products/untimely-shirt","/ru/collections/all"
"ru","gid://shopify/UrlRedirect/490954162428","/ru/products/eleanor-dress","/ru/collections/all"
"ru","gid://shopify/UrlRedirect/490955243772","/ru/products/nash-swimsuit","/ru/collections/all"
"ru","gid://shopify/UrlRedirect/490957930748","/ru/products/ella-sunglasses","/ru/collections/all"
"ru","gid://shopify/UrlRedirect/490958586108","/ru/products/shoes-ae","/ru/collections/all"
"ru","gid://shopify/UrlRedirect/490961961212","/ru/products/mylah-denim-vest","/ru/collections/all"
"ru","gid://shopify/UrlRedirect/490963960060","/ru/collections/vendors","/ru/collections/all"
"ru","gid://shopify/UrlRedirect/490964746492","/ru/products/royal-satin-2-piece-top-set-cream-6a","/ru/collections/all"
"ru","gid://shopify/UrlRedirect/490966941948","/ru/products/hanan-jeans","/ru/collections/all"
"ru","gid://shopify/UrlRedirect/490967040252","/ru/products/elora-bodysuit","/ru/collections/all"
"ru","gid://shopify/UrlRedirect/490969301244","/ru/products/universal-phone-stand-content-creator-grip-63","/ru/collections/all"
"ru","gid://shopify/UrlRedirect/490971103484","/ru/products/cut-out-dress","/ru/collections/all"
"ru","gid://shopify/UrlRedirect/490972643580","/ru/products/bailey-crop-tank","/ru/collections/all"
"ru","gid://shopify/UrlRedirect/490973004028","/ru/products/fiona-jacket-set","/ru/collections/all"
"ru","gid://shopify/UrlRedirect/490973135100","/ru/products/orlando-crop-top","/ru/collections/all"
"ru","gid://shopify/UrlRedirect/490973954300","/ru/products/heartbit-shirt","/ru/collections/all"
"ru","gid://shopify/UrlRedirect/490974249212","/ru/products/eric-hoodie-set","/ru/collections/all"
"ru","gid://shopify/UrlRedirect/490974642428","/ru/products/retro-black-sunglasses-kai-8b","/ru/collections/all"
"ru","gid://shopify/UrlRedirect/490974970108","/ru/products/matte-black-beaded-bracelet-v-urban-stackable-79","/ru/collections/all"
"ru","gid://shopify/UrlRedirect/490976772348","/ru/products/shoes-a","/ru/collections/all"
"ru","gid://shopify/UrlRedirect/490977100028","/ru/products/brooks-coat","/ru/collections/all"
"ru","gid://shopify/UrlRedirect/490977165564","/ru/products/neil-jeans","/ru/collections/all"
"ru","gid://shopify/UrlRedirect/490978476284","/ru/products/kaden-denim-shorts","/ru/collections/all"
"ru","gid://shopify/UrlRedirect/490979393788","/ru/products/eden-one-button-jacket","/ru/collections/all"
"ru","gid://shopify/UrlRedirect/490979459324","/ru/products/shoes-ah","/ru/collections/all"
"ru","gid://shopify/UrlRedirect/490980081916","/ru/products/spectator-lounge-top","/ru/collections/all"
"ru","gid://shopify/UrlRedirect/490980573436","/ru/products/matte-black-marble-stone-beaded-bracelet-86","/ru/collections/all"
"ru","gid://shopify/UrlRedirect/490980671740","/ru/products/greta-dress","/ru/collections/all"
"ru","gid://shopify/UrlRedirect/490982375676","/ru/products/ellis-bomber-jacket","/ru/collections/all"
"ru","gid://shopify/UrlRedirect/490982473980","/ru/products/joshua-shorts-set","/ru/collections/all"
"ru","gid://shopify/UrlRedirect/490982768892","/ru/products/black-square-frame-sunglasses-retro-chic-e2","/ru/collections/all"
"ro","gid://shopify/UrlRedirect/490954850556","/ro/products/james-shirt","/ro/collections/all"
"ro","gid://shopify/UrlRedirect/490955342076","/ro/products/butterfly-t-shirt","/ro/collections/all"
"ro","gid://shopify/UrlRedirect/490957897980","/ro/products/shoes-ai","/ro/collections/all"
"ro","gid://shopify/UrlRedirect/490961502460","/ro/products/griffin-jeans-1","/ro/collections/all"
"ro","gid://shopify/UrlRedirect/490966155516","/ro/products/greta-dress","/ro/collections/all"
"ro","gid://shopify/UrlRedirect/490967138556","/ro/products/retro-black-sunglasses-kai-8b","/ro/collections/all"
"ro","gid://shopify/UrlRedirect/490968219900","/ro/products/pre-tied-satin-bowtie-formal-looks-aa","/ro/collections/all"
"ro","gid://shopify/UrlRedirect/490969923836","/ro/products/dale-jeans","/ro/collections/all"
"ro","gid://shopify/UrlRedirect/490970284284","/ro/products/ryan-polo-shirt","/ro/collections/all"
"ro","gid://shopify/UrlRedirect/490970415356","/ro/products/juliet-jacket","/ro/collections/all"
"ro","gid://shopify/UrlRedirect/490970874108","/ro/products/elliott-jeans","/ro/collections/all"
"ro","gid://shopify/UrlRedirect/490971496700","/ro/products/fine-arts-shirt","/ro/collections/all"
"ro","gid://shopify/UrlRedirect/490971529468","/ro/products/collar-pants-set","/ro/collections/all"
"ro","gid://shopify/UrlRedirect/490971857148","/ro/products/leon-jeans","/ro/collections/all"
"ro","gid://shopify/UrlRedirect/490973266172","/ro/products/hat-d","/ro/collections/all"
"ro","gid://shopify/UrlRedirect/490973331708","/ro/products/faye-denim-jumpsuit","/ro/collections/all"
"ro","gid://shopify/UrlRedirect/490975199484","/ro/products/memories-t-shirt","/ro/collections/all"
"ro","gid://shopify/UrlRedirect/490975494396","/ro/products/dylan-cream-tapered-pants-streetwear-eb","/ro/collections/all"
"ro","gid://shopify/UrlRedirect/490975691004","/ro/products/zayn-jeans","/ro/collections/all"
"ro","gid://shopify/UrlRedirect/490976084220","/ro/products/gemma-jeans","/ro/collections/all"
"ro","gid://shopify/UrlRedirect/490976313596","/ro/products/shoes","/ro/collections/all"
"ro","gid://shopify/UrlRedirect/490976444668","/ro/products/mathew-pants","/ro/collections/all"
"ro","gid://shopify/UrlRedirect/490977198332","/ro/products/eleanor-dress","/ro/collections/all"
"ro","gid://shopify/UrlRedirect/490977755388","/ro/products/cut-out-mini-dress","/ro/collections/all"
"ro","gid://shopify/UrlRedirect/490978246908","/ro/products/heels-a","/ro/collections/all"
"ro","gid://shopify/UrlRedirect/490978836732","/ro/products/soul-t-shirt","/ro/collections/all"
"ro","gid://shopify/UrlRedirect/490979033340","/ro/products/keep-on-moving-shirt","/ro/collections/all"
"ro","gid://shopify/UrlRedirect/490979197180","/ro/products/love-tee","/ro/collections/all"
"ro","gid://shopify/UrlRedirect/490979229948","/ro/products/jada-skirt","/ro/collections/all"
"ro","gid://shopify/UrlRedirect/490980245756","/ro/products/nia-knit-cami","/ro/collections/all"
"ro","gid://shopify/UrlRedirect/490980344060","/ro/products/aubri-denim-jacket","/ro/collections/all"
"ro","gid://shopify/UrlRedirect/490980901116","/ro/products/chloe-dress","/ro/collections/all"
"ro","gid://shopify/UrlRedirect/490981261564","/ro/products/turns-out-t-shirt","/ro/collections/all"
"ro","gid://shopify/UrlRedirect/490981327100","/ro/products/reed-neon-sweater","/ro/collections/all"
"ro","gid://shopify/UrlRedirect/490981392636","/ro/products/spectator-lounge-top","/ro/collections/all"
"ro","gid://shopify/UrlRedirect/490981982460","/ro/products/highest-self-t-shirt","/ro/collections/all"
"ro","gid://shopify/UrlRedirect/490982932732","/ro/products/lee-dress","/ro/collections/all"
"ro","gid://shopify/UrlRedirect/490983162108","/ro/products/brooklyn-tee","/ro/collections/all"
"ro","gid://shopify/UrlRedirect/490983686396","/ro/products/leah-crop-top","/ro/collections/all"
"ro","gid://shopify/UrlRedirect/490983751932","/ro/products/survive-t-shirt","/ro/collections/all"
"ro","gid://shopify/UrlRedirect/490983948540","/ro/products/royal-satin-top-set","/ro/collections/all"
"ro","gid://shopify/UrlRedirect/490984046844","/ro/products/successful-tank","/ro/collections/all"
"ro","gid://shopify/UrlRedirect/490984374524","/ro/products/coaching-t-shirt","/ro/collections/all"
"eu","gid://shopify/UrlRedirect/490955047164","/eu/products/kinslee-shorts","/eu/collections/all"
"eu","gid://shopify/UrlRedirect/490959634684","/eu/products/river-top-set","/eu/collections/all"
"eu","gid://shopify/UrlRedirect/490960322812","/eu/products/matte-black-beaded-statement-bracelet-7b","/eu/collections/all"
"eu","gid://shopify/UrlRedirect/490961699068","/eu/products/griffin-jeans-1","/eu/collections/all"
"eu","gid://shopify/UrlRedirect/490962387196","/eu/collections/vendors","/eu/collections/all"
"eu","gid://shopify/UrlRedirect/490965238012","/eu/products/show-must-go-on-shirt","/eu/collections/all"
"eu","gid://shopify/UrlRedirect/490965401852","/eu/products/collar-pants-set","/eu/collections/all"
"eu","gid://shopify/UrlRedirect/490966319356","/eu/products/ian-pants-set","/eu/collections/all"
"eu","gid://shopify/UrlRedirect/490966417660","/eu/products/braided-bracelet-a","/eu/collections/all"
"eu","gid://shopify/UrlRedirect/490966450428","/eu/products/rabbit-shirt","/eu/collections/all"
"eu","gid://shopify/UrlRedirect/490967073020","/eu/products/elora-bodysuit","/eu/collections/all"
"eu","gid://shopify/UrlRedirect/490967630076","/eu/products/leon-jeans","/eu/collections/all"
"eu","gid://shopify/UrlRedirect/490967695612","/eu/products/harlow-mini-skirt","/eu/collections/all"
"eu","gid://shopify/UrlRedirect/490968908028","/eu/products/mia-retro-round-sunglasses-da","/eu/collections/all"
"eu","gid://shopify/UrlRedirect/490971234556","/eu/products/owen-denim-shorts-1","/eu/collections/all"
"eu","gid://shopify/UrlRedirect/490971332860","/eu/products/marne-tank-top","/eu/collections/all"
"eu","gid://shopify/UrlRedirect/490972217596","/eu/products/cocktails-shorts-set","/eu/collections/all"
"eu","gid://shopify/UrlRedirect/490972250364","/eu/products/night-glow-tracksuit-bottom-set","/eu/collections/all"
"eu","gid://shopify/UrlRedirect/490972741884","/eu/products/mylah-denim-vest","/eu/collections/all"
"eu","gid://shopify/UrlRedirect/490974281980","/eu/products/ace-jeans","/eu/collections/all"
"eu","gid://shopify/UrlRedirect/490974576892","/eu/products/cathy-dress","/eu/collections/all"
"eu","gid://shopify/UrlRedirect/490974707964","/eu/products/lev-shirt","/eu/collections/all"
"eu","gid://shopify/UrlRedirect/490975428860","/eu/products/jordan-retro-square-sunglasses-dd","/eu/collections/all"
"eu","gid://shopify/UrlRedirect/490975625468","/eu/products/soy-wax-scented-candle-room-vibe-glow-up-29","/eu/collections/all"
"eu","gid://shopify/UrlRedirect/490976149756","/eu/products/nick-shorts-set","/eu/collections/all"
"eu","gid://shopify/UrlRedirect/490976379132","/eu/products/mathew-pants","/eu/collections/all"
"eu","gid://shopify/UrlRedirect/490976739580","/eu/products/heels-c","/eu/collections/all"
"eu","gid://shopify/UrlRedirect/490977067260","/eu/products/neil-jeans","/eu/collections/all"
"eu","gid://shopify/UrlRedirect/490977493244","/eu/products/robin-t-shirt","/eu/collections/all"
"eu","gid://shopify/UrlRedirect/490978214140","/eu/products/interested-shirt","/eu/collections/all"
"eu","gid://shopify/UrlRedirect/490978738428","/eu/products/orlando-crop-top","/eu/collections/all"
"eu","gid://shopify/UrlRedirect/490979426556","/eu/products/hanan-jeans","/eu/collections/all"
"eu","gid://shopify/UrlRedirect/490980966652","/eu/products/chloe-dress","/eu/collections/all"
"eu","gid://shopify/UrlRedirect/490981032188","/eu/products/black-square-frame-sunglasses-retro-chic-e2","/eu/collections/all"
"eu","gid://shopify/UrlRedirect/490982113532","/eu/products/aubri-denim-jacket","/eu/collections/all"
"eu","gid://shopify/UrlRedirect/490982211836","/eu/products/heartbit-shirt","/eu/collections/all"
"eu","gid://shopify/UrlRedirect/490982244604","/eu/products/carbon-driven-t-shirt","/eu/collections/all"
"eu","gid://shopify/UrlRedirect/490983391484","/eu/products/noa-bodysuit","/eu/collections/all"
"eu","gid://shopify/UrlRedirect/490984014076","/eu/products/time-never-shirt","/eu/collections/all"
"eu","gid://shopify/UrlRedirect/490984833276","/eu/products/butterfly-t-shirt","/eu/collections/all"
"eu","gid://shopify/UrlRedirect/490984964348","/eu/products/varsity-tee","/eu/collections/all"
"bs","gid://shopify/UrlRedirect/490954621180","/bs/products/fiona-jacket-set","/bs/collections/all"
"bs","gid://shopify/UrlRedirect/490954817788","/bs/products/shoes","/bs/collections/all"
"bs","gid://shopify/UrlRedirect/490955112700","/bs/products/aubri-denim-jacket","/bs/collections/all"
"bs","gid://shopify/UrlRedirect/490955145468","/bs/products/create-life-graphic-streetwear-tee-d7","/bs/collections/all"
"bs","gid://shopify/UrlRedirect/490958749948","/bs/products/samuel-denim-shorts","/bs/collections/all"
"bs","gid://shopify/UrlRedirect/490959503612","/bs/products/river-top-set","/bs/collections/all"
"bs","gid://shopify/UrlRedirect/490961600764","/bs/products/griffin-jeans-1","/bs/collections/all"
"bs","gid://shopify/UrlRedirect/490963992828","/bs/collections/vendors","/bs/collections/all"
"bs","gid://shopify/UrlRedirect/490964615420","/bs/products/wade-denim-shorts","/bs/collections/all"
"bs","gid://shopify/UrlRedirect/490967400700","/bs/products/cut-out-mini-dress","/bs/collections/all"
"bs","gid://shopify/UrlRedirect/490971365628","/bs/products/off-shoulder-floral-dress","/bs/collections/all"
"bs","gid://shopify/UrlRedirect/490971922684","/bs/products/leon-jeans","/bs/collections/all"
"bs","gid://shopify/UrlRedirect/490972020988","/bs/products/nice-top","/bs/collections/all"
"bs","gid://shopify/UrlRedirect/490972053756","/bs/products/hanan-jeans","/bs/collections/all"
"bs","gid://shopify/UrlRedirect/490972610812","/bs/products/cardigan-dress-a","/bs/collections/all"
"bs","gid://shopify/UrlRedirect/490972709116","/bs/products/mylah-denim-vest","/bs/collections/all"
"bs","gid://shopify/UrlRedirect/490973397244","/bs/products/hat-d","/bs/collections/all"
"bs","gid://shopify/UrlRedirect/490973430012","/bs/products/untimely-shirt","/bs/collections/all"
"bs","gid://shopify/UrlRedirect/490973692156","/bs/products/marne-tank-top","/bs/collections/all"
"bs","gid://shopify/UrlRedirect/490973724924","/bs/products/keep-on-moving-shirt","/bs/collections/all"
"bs","gid://shopify/UrlRedirect/490973855996","/bs/products/cathy-dress","/bs/collections/all"
"bs","gid://shopify/UrlRedirect/490975330556","/bs/products/ride-blazer","/bs/collections/all"
"bs","gid://shopify/UrlRedirect/490975658236","/bs/products/maya-padded-crop-top","/bs/collections/all"
"bs","gid://shopify/UrlRedirect/490975723772","/bs/products/faye-denim-jumpsuit","/bs/collections/all"
"bs","gid://shopify/UrlRedirect/490976018684","/bs/products/shoes-ah","/bs/collections/all"
"bs","gid://shopify/UrlRedirect/490978410748","/bs/products/eleanor-dress","/bs/collections/all"
"bs","gid://shopify/UrlRedirect/490978869500","/bs/products/heels-a","/bs/collections/all"
"bs","gid://shopify/UrlRedirect/490979918076","/bs/products/orlando-crop-top","/bs/collections/all"
"bs","gid://shopify/UrlRedirect/490980802812","/bs/products/sunglasses-d","/bs/collections/all"
"bs","gid://shopify/UrlRedirect/490980933884","/bs/products/chloe-dress","/bs/collections/all"
"bs","gid://shopify/UrlRedirect/490981622012","/bs/products/spyder-hoodie","/bs/collections/all"
"bs","gid://shopify/UrlRedirect/490981720316","/bs/products/fine-arts-shirt","/bs/collections/all"
"bs","gid://shopify/UrlRedirect/490983096572","/bs/products/bobby-jeans","/bs/collections/all"
"bs","gid://shopify/UrlRedirect/490983260412","/bs/products/kinslee-shorts","/bs/collections/all"
"bs","gid://shopify/UrlRedirect/490983489788","/bs/products/jolene-top-set","/bs/collections/all"
"bs","gid://shopify/UrlRedirect/490983555324","/bs/products/belted-creppe-pants","/bs/collections/all"
"bs","gid://shopify/UrlRedirect/490983719164","/bs/products/leah-crop-top","/bs/collections/all"
"bs","gid://shopify/UrlRedirect/490984308988","/bs/products/naomi-dress","/bs/collections/all"
"bs","gid://shopify/UrlRedirect/490984407292","/bs/products/ian-hoodie-set","/bs/collections/all"
"bs","gid://shopify/UrlRedirect/490984603900","/bs/products/think-different-t-shirt","/bs/collections/all"
"bs","gid://shopify/UrlRedirect/490984636668","/bs/products/maxine-shorts","/bs/collections/all"
"bs","gid://shopify/UrlRedirect/490984734972","/bs/products/leopard-square-sunglasses-high-end-aesthetic-55","/bs/collections/all"
"bs","gid://shopify/UrlRedirect/490985029884","/bs/products/interested-shirt","/bs/collections/all"
"af","gid://shopify/UrlRedirect/490952884476","/af/products/level-up-shirt","/af/collections/all"
"af","gid://shopify/UrlRedirect/490953834748","/af/products/keep-on-moving-shirt","/af/collections/all"
"af","gid://shopify/UrlRedirect/490953933052","/af/products/chase-black-washed-slim-fit-jeans-ad","/af/collections/all"
"af","gid://shopify/UrlRedirect/490954883324","/af/products/elliott-jeans","/af/collections/all"
"af","gid://shopify/UrlRedirect/490959601916","/af/products/shoes-ai","/af/collections/all"
"af","gid://shopify/UrlRedirect/490959700220","/af/products/mylah-denim-vest","/af/collections/all"
"af","gid://shopify/UrlRedirect/490962092284","/af/products/ian-hoodie-set","/af/collections/all"
"af","gid://shopify/UrlRedirect/490963435772","/af/products/black-matte-beaded-bracelet-minimalist-stack-cd","/af/collections/all"
"af","gid://shopify/UrlRedirect/490964189436","/af/products/sirena-dress","/af/collections/all"
"af","gid://shopify/UrlRedirect/490964222204","/af/products/gem-romper","/af/collections/all"
"af","gid://shopify/UrlRedirect/490964484348","/af/products/pedro-jeans","/af/collections/all"
"af","gid://shopify/UrlRedirect/490965139708","/af/products/california-top","/af/collections/all"
"af","gid://shopify/UrlRedirect/490965729532","/af/products/ellis-bomber-jacket","/af/collections/all"
"af","gid://shopify/UrlRedirect/490965991676","/af/products/bruno-shirt","/af/collections/all"
"af","gid://shopify/UrlRedirect/490967957756","/af/products/emmett-striped-jogger","/af/collections/all"
"af","gid://shopify/UrlRedirect/490967990524","/af/products/essential-streetwear-tee-modern-urban-fit-f3","/af/collections/all"
"af","gid://shopify/UrlRedirect/490968678652","/af/products/being-free-t-shirts","/af/collections/all"
"af","gid://shopify/UrlRedirect/490968809724","/af/products/three-word-t-shirt","/af/collections/all"
"af","gid://shopify/UrlRedirect/490969071868","/af/products/james-shirt","/af/collections/all"
"af","gid://shopify/UrlRedirect/490970054908","/af/products/furry-pants-set-1","/af/collections/all"
"af","gid://shopify/UrlRedirect/490970448124","/af/products/fill-in-the-blank-t-shirt","/af/collections/all"
"af","gid://shopify/UrlRedirect/490971070716","/af/products/owen-denim-shorts-1","/af/collections/all"
"af","gid://shopify/UrlRedirect/490972086524","/af/products/eyes-top-set","/af/collections/all"
"af","gid://shopify/UrlRedirect/490972545276","/af/products/cardigan-dress-a","/af/collections/all"
"af","gid://shopify/UrlRedirect/490973823228","/af/products/coaching-t-shirt","/af/collections/all"
"af","gid://shopify/UrlRedirect/490974675196","/af/products/adam-shirt-set","/af/collections/all"
"af","gid://shopify/UrlRedirect/490975592700","/af/products/black-beaded-bracelet-midnight-streetwear-stack-87","/af/collections/all"
"af","gid://shopify/UrlRedirect/490975789308","/af/products/faye-denim-jumpsuit","/af/collections/all"
"af","gid://shopify/UrlRedirect/490977919228","/af/products/soul-t-shirt","/af/collections/all"
"af","gid://shopify/UrlRedirect/490978377980","/af/products/millie-dress","/af/collections/all"
"af","gid://shopify/UrlRedirect/490982342908","/af/products/tom-denim-shirt","/af/collections/all"
"af","gid://shopify/UrlRedirect/490983293180","/af/products/brooklyn-tee","/af/collections/all"
"af","gid://shopify/UrlRedirect/490983325948","/af/products/ride-blazer","/af/collections/all"
